city,year,annual_mm,jjas_mm,ond_mm,rainy_days,heavy_days,very_heavy_days,extremely_heavy_days,max_1day_mm,days_reported
ahmedabad,1901,468.4,453.5,3.8,27,1,0,0,68.3,365
ahmedabad,1902,742.7,729.2,3.5,31,3,2,0,136.7,365
ahmedabad,1903,656.4,648.1,1.5,32,3,0,0,75.3,365
ahmedabad,1904,248.5,221.8,0.0,17,0,0,0,48.8,366
ahmedabad,1905,1058.9,1056.4,1.1,18,3,2,2,348.2,365
ahmedabad,1906,915.4,902.3,4.7,38,3,2,0,196.7,365
ahmedabad,1907,860.6,851.7,0.0,38,4,1,0,121.3,365
ahmedabad,1908,827.4,825.0,0.0,52,0,0,0,49.0,366
ahmedabad,1909,772.2,766.6,1.2,50,1,0,0,74.5,365
ahmedabad,1910,635.0,618.7,15.1,40,1,0,0,77.4,365
ahmedabad,1911,257.0,241.6,0.1,18,0,0,0,42.0,365
ahmedabad,1912,975.8,963.8,6.4,46,3,1,0,158.0,366
ahmedabad,1913,893.9,888.4,0.0,50,2,0,0,90.2,365
ahmedabad,1914,1022.1,986.8,9.8,48,2,1,0,168.3,365
ahmedabad,1915,301.2,239.8,52.0,20,0,0,0,62.4,365
ahmedabad,1916,654.1,624.3,28.4,41,1,0,0,75.0,366
ahmedabad,1917,1297.4,980.8,191.3,62,3,1,0,131.3,365
ahmedabad,1918,204.6,179.3,0.0,15,0,0,0,43.4,365
ahmedabad,1919,742.0,686.9,38.1,47,1,0,0,75.2,365
ahmedabad,1920,612.5,512.5,0.0,33,2,0,0,92.5,366
ahmedabad,1921,1018.6,1018.6,0.0,44,3,1,0,136.4,365
ahmedabad,1922,895.3,895.3,0.0,41,4,1,0,152.9,365
ahmedabad,1923,362.0,344.1,2.6,27,0,0,0,48.9,365
ahmedabad,1924,658.7,620.4,3.1,35,1,1,0,116.1,366
ahmedabad,1925,604.9,577.6,15.6,35,1,1,0,197.7,365
ahmedabad,1926,1268.4,1247.9,0.0,61,3,1,0,183.3,365
ahmedabad,1927,1945.9,1913.9,29.8,51,7,5,2,384.3,365
ahmedabad,1928,840.6,797.2,43.4,43,0,0,0,56.2,366
ahmedabad,1929,622.6,600.1,6.0,42,1,0,0,65.7,365
ahmedabad,1930,708.7,697.3,8.8,46,2,0,0,90.0,365
ahmedabad,1931,801.3,753.9,46.1,43,1,0,0,103.3,365
ahmedabad,1932,771.8,761.3,10.5,37,2,0,0,105.9,366
ahmedabad,1933,1118.9,1064.5,5.4,45,4,1,0,144.9,365
ahmedabad,1934,732.0,731.1,0.9,41,2,0,0,110.1,365
ahmedabad,1935,565.2,536.3,19.4,39,0,0,0,48.0,365
ahmedabad,1936,518.4,491.9,23.3,32,1,0,0,83.9,366
ahmedabad,1937,1092.9,1089.1,0.7,41,3,1,0,141.2,365
ahmedabad,1938,512.4,481.2,5.6,33,0,0,0,64.0,365
ahmedabad,1939,500.7,494.8,0.0,25,1,1,0,135.4,365
ahmedabad,1940,472.9,432.8,20.0,38,1,0,0,70.9,366
ahmedabad,1941,1132.5,1128.4,0.0,28,5,2,1,294.8,365
ahmedabad,1942,1109.8,1082.5,0.0,37,5,0,0,114.6,365
ahmedabad,1943,877.7,806.9,49.6,45,1,0,0,69.7,365
ahmedabad,1944,997.2,987.7,0.0,53,1,0,0,89.1,366
ahmedabad,1945,869.3,860.3,0.0,41,2,0,0,103.7,365
ahmedabad,1946,700.0,671.5,25.9,47,1,0,0,75.2,365
ahmedabad,1947,668.0,585.4,54.8,37,1,0,0,78.6,365
ahmedabad,1948,287.7,207.0,31.5,23,0,0,0,33.3,366
ahmedabad,1949,590.3,578.6,11.7,31,1,0,0,110.3,365
ahmedabad,1950,1139.9,1139.9,0.0,40,3,2,1,217.7,365
ahmedabad,1951,397.7,389.4,8.3,22,1,0,0,70.0,365
ahmedabad,1952,636.5,636.5,0.0,29,1,1,0,140.9,366
ahmedabad,1953,980.2,961.3,0.0,44,3,0,0,101.6,365
ahmedabad,1954,948.3,937.8,4.4,38,4,0,0,103.1,365
ahmedabad,1955,774.5,750.5,24.0,44,1,0,0,70.0,365
ahmedabad,1956,1159.6,1083.3,71.1,52,5,0,0,111.6,366
ahmedabad,1957,404.5,365.0,30.0,32,0,0,0,48.6,365
ahmedabad,1958,935.2,886.5,48.7,44,4,2,0,139.1,365
ahmedabad,1959,1331.1,1231.4,94.6,63,4,1,0,124.5,365
ahmedabad,1960,415.3,404.9,6.3,27,0,0,0,43.2,366
ahmedabad,1961,829.9,818.4,3.2,56,1,0,0,71.5,365
ahmedabad,1962,603.4,593.1,10.3,31,2,1,0,124.4,365
ahmedabad,1963,926.0,840.7,66.6,44,3,0,0,95.3,365
ahmedabad,1964,683.4,678.9,0.0,40,3,0,0,102.1,366
ahmedabad,1965,440.4,424.4,0.8,28,1,0,0,71.2,365
ahmedabad,1966,593.3,590.8,0.0,28,2,1,0,136.5,365
ahmedabad,1967,910.7,869.9,15.2,47,3,1,1,268.3,365
ahmedabad,1968,378.1,372.9,0.0,17,1,0,0,73.4,366
ahmedabad,1969,496.5,495.4,1.1,31,0,0,0,60.9,365
ahmedabad,1970,1177.7,1163.0,6.9,51,4,0,0,111.6,365
ahmedabad,1971,553.5,528.6,12.6,37,1,0,0,96.1,365
ahmedabad,1972,324.1,313.4,0.0,24,0,0,0,45.9,366
ahmedabad,1973,887.5,881.0,1.2,47,2,0,0,80.5,365
ahmedabad,1974,328.0,272.5,23.0,15,2,0,0,95.6,365
ahmedabad,1975,1222.3,1210.4,12.0,41,5,2,0,187.9,365
ahmedabad,1976,1366.8,1328.6,35.6,51,4,3,1,251.9,366
ahmedabad,1977,1261.9,1189.0,1.7,54,5,1,0,123.7,365
ahmedabad,1978,790.0,744.1,45.1,37,2,0,0,109.2,365
ahmedabad,1979,710.2,599.3,90.7,32,1,1,0,125.2,365
ahmedabad,1980,777.6,748.2,29.5,37,2,0,0,84.5,366
ahmedabad,1981,1269.8,1188.0,70.8,35,5,2,1,308.3,365
ahmedabad,1982,828.9,514.3,105.6,34,3,0,0,113.5,365
ahmedabad,1983,1051.6,959.5,85.2,60,3,0,0,90.5,365
ahmedabad,1984,677.2,677.2,0.0,33,3,0,0,112.8,366
ahmedabad,1985,706.9,451.4,240.2,26,5,1,0,135.6,365
ahmedabad,1986,421.4,411.9,0.0,23,1,0,0,75.5,365
ahmedabad,1987,238.7,223.8,10.8,17,0,0,0,55.6,365
ahmedabad,1988,766.3,758.6,0.8,48,0,0,0,55.6,366
ahmedabad,1989,672.2,670.7,0.0,35,0,0,0,57.0,365
ahmedabad,1990,1017.2,964.4,31.2,43,3,1,1,249.8,365
ahmedabad,1991,549.2,549.2,0.0,21,0,0,0,62.9,365
ahmedabad,1992,539.2,537.0,2.2,33,1,0,0,83.2,366
ahmedabad,1993,681.6,674.1,7.4,21,3,2,0,143.5,365
ahmedabad,1994,1310.4,1308.0,0.0,53,4,2,0,179.7,365
ahmedabad,1995,373.3,367.6,2.5,26,0,0,0,47.2,365
ahmedabad,1996,782.4,745.8,36.7,40,2,0,0,88.0,366
ahmedabad,1997,1240.3,1228.7,1.1,35,5,3,1,240.9,365
ahmedabad,1998,972.4,935.1,37.0,44,3,0,0,95.5,365
ahmedabad,1999,600.3,536.2,57.2,23,5,0,0,108.2,365
ahmedabad,2000,727.8,654.6,1.2,17,2,1,1,323.4,366
ahmedabad,2001,665.7,632.7,19.3,32,3,0,0,111.0,365
ahmedabad,2002,394.2,394.0,0.1,26,0,0,0,43.3,365
ahmedabad,2003,875.0,872.0,0.0,38,2,2,0,168.8,365
ahmedabad,2004,830.4,806.8,10.2,41,3,0,0,77.4,366
ahmedabad,2005,1281.3,1281.3,0.0,40,5,3,1,243.5,365
ahmedabad,2006,1103.1,1099.4,0.0,41,3,0,0,100.6,365
ahmedabad,2007,803.9,803.3,0.0,35,4,0,0,80.0,365
ahmedabad,2008,672.4,657.9,5.4,32,1,0,0,92.3,366
ahmedabad,2009,487.5,481.2,6.4,18,3,0,0,82.9,365
ahmedabad,2010,1222.8,1183.6,38.1,59,2,1,0,185.1,365
ahmedabad,2011,992.5,992.5,0.0,50,2,1,0,126.0,365
ahmedabad,2012,621.8,619.0,0.0,33,1,0,0,68.8,366
ahmedabad,2013,1089.3,1026.2,58.4,50,3,1,0,126.5,365
ahmedabad,2014,900.9,876.6,6.9,34,3,1,1,259.7,365
ahmedabad,2015,632.8,584.4,0.0,25,4,1,0,117.2,365
ahmedabad,2016,604.6,514.4,87.0,40,1,0,0,69.1,366
ahmedabad,2017,986.0,975.8,8.9,48,4,1,0,146.9,365
ahmedabad,2018,350.1,350.1,0.0,23,1,0,0,77.1,365
ahmedabad,2019,874.5,822.0,50.1,44,1,0,0,100.8,365
ahmedabad,2020,847.8,833.8,2.9,47,1,0,0,65.6,366
ahmedabad,2021,707.1,580.5,14.7,43,1,0,0,93.4,365
ahmedabad,2022,743.5,720.9,18.6,47,1,0,0,84.6,365
ahmedabad,2023,792.4,708.5,29.4,33,2,1,0,127.4,365
ahmedabad,2024,1003.8,986.9,6.8,47,4,1,0,128.5,366
ahmedabad,2025,988.8,861.1,47.1,56,2,0,0,101.5,365
bengaluru,1901,919.0,499.4,176.0,68,2,0,0,97.3,365
bengaluru,1902,812.8,364.1,266.0,55,2,0,0,71.9,365
bengaluru,1903,1302.8,767.0,466.8,84,2,1,0,116.6,365
bengaluru,1904,799.1,381.5,168.0,48,0,0,0,59.2,366
bengaluru,1905,848.8,411.3,239.5,54,2,0,0,91.1,365
bengaluru,1906,1011.8,712.1,232.0,68,0,0,0,52.2,365
bengaluru,1907,764.9,488.6,74.5,48,2,0,0,92.0,365
bengaluru,1908,637.3,287.1,61.9,52,0,0,0,57.4,366
bengaluru,1909,987.9,492.6,183.3,61,2,1,0,125.6,365
bengaluru,1910,1132.2,682.4,402.7,73,1,0,0,82.3,365
bengaluru,1911,753.5,249.9,321.8,54,1,0,0,104.4,365
bengaluru,1912,1056.7,792.4,180.1,59,2,0,0,104.3,366
bengaluru,1913,562.2,435.0,68.5,48,1,0,0,70.9,365
bengaluru,1914,673.5,333.2,178.2,54,1,0,0,65.6,365
bengaluru,1915,922.0,546.2,169.0,61,0,0,0,54.0,365
bengaluru,1916,1235.8,657.7,408.9,75,3,0,0,95.3,366
bengaluru,1917,906.3,575.3,154.4,72,1,0,0,69.2,365
bengaluru,1918,758.8,295.9,207.6,52,1,0,0,86.0,365
bengaluru,1919,982.2,517.2,257.9,68,0,0,0,49.0,365
bengaluru,1920,597.7,373.5,129.8,49,0,0,0,38.7,366
bengaluru,1921,875.2,461.1,232.4,55,1,0,0,69.7,365
bengaluru,1922,844.7,282.0,426.5,66,1,0,0,70.2,365
bengaluru,1923,605.9,349.6,36.0,53,0,0,0,44.4,365
bengaluru,1924,694.7,504.8,79.2,55,0,0,0,59.5,366
bengaluru,1925,734.1,371.4,107.3,62,0,0,0,57.8,365
bengaluru,1926,747.8,422.8,136.9,59,0,0,0,62.2,365
bengaluru,1927,630.5,475.7,58.0,46,1,0,0,83.8,365
bengaluru,1928,868.4,383.5,381.0,53,1,0,0,67.0,366
bengaluru,1929,788.9,259.2,263.9,61,0,0,0,63.0,365
bengaluru,1930,977.9,393.7,300.4,60,0,0,0,64.4,365
bengaluru,1931,651.5,427.1,115.6,55,0,0,0,48.6,365
bengaluru,1932,1094.8,445.7,416.5,75,0,0,0,48.9,366
bengaluru,1933,998.4,510.3,269.3,60,0,0,0,60.2,365
bengaluru,1934,616.5,174.9,281.3,47,2,0,0,72.8,365
bengaluru,1935,1028.1,647.7,276.6,55,1,0,0,114.3,365
bengaluru,1936,740.1,441.4,118.3,63,0,0,0,43.9,366
bengaluru,1937,788.4,306.9,158.3,53,0,0,0,41.7,365
bengaluru,1938,758.5,638.8,34.9,54,1,0,0,65.5,365
bengaluru,1939,918.2,414.3,267.2,59,2,0,0,87.2,365
bengaluru,1940,882.6,346.9,305.3,66,0,0,0,63.0,366
bengaluru,1941,793.5,382.5,256.5,59,0,0,0,64.1,365
bengaluru,1942,772.2,442.2,240.0,64,0,0,0,55.7,365
bengaluru,1943,1158.9,436.0,422.6,74,2,0,0,104.4,365
bengaluru,1944,932.6,495.2,210.8,72,1,0,0,76.9,366
bengaluru,1945,552.7,346.2,69.7,43,0,0,0,37.8,365
bengaluru,1946,1046.2,535.6,332.1,78,0,0,0,42.1,365
bengaluru,1947,824.8,530.4,220.8,64,0,0,0,47.8,365
bengaluru,1948,926.5,553.3,169.7,68,1,0,0,81.2,366
bengaluru,1949,942.4,589.3,236.1,73,0,0,0,53.2,365
bengaluru,1950,767.1,297.9,357.5,56,1,0,0,68.7,365
bengaluru,1951,737.8,429.2,150.3,58,0,0,0,51.0,365
bengaluru,1952,767.2,357.9,241.3,55,1,0,0,65.2,366
bengaluru,1953,1149.5,427.6,527.8,75,3,0,0,110.0,365
bengaluru,1954,826.6,424.0,196.5,68,1,0,0,68.9,365
bengaluru,1955,754.2,423.3,171.3,72,0,0,0,39.7,365
bengaluru,1956,1073.6,433.4,591.9,72,3,0,0,73.9,366
bengaluru,1957,654.7,179.8,182.4,54,1,0,0,76.7,365
bengaluru,1958,1157.3,612.2,240.9,69,1,0,0,100.5,365
bengaluru,1959,833.5,557.3,66.0,64,1,0,0,96.0,365
bengaluru,1960,824.8,451.8,259.2,66,0,0,0,59.0,366
bengaluru,1961,867.1,445.1,247.4,66,1,0,0,66.0,365
bengaluru,1962,1023.1,639.5,266.7,93,0,0,0,45.4,365
bengaluru,1963,923.2,445.6,269.9,65,1,0,0,78.9,365
bengaluru,1964,1083.2,677.9,312.3,58,2,0,0,90.2,366
bengaluru,1965,577.0,414.6,84.8,42,2,0,0,69.2,365
bengaluru,1966,1113.6,537.9,402.4,68,3,0,0,93.7,365
bengaluru,1967,678.5,389.1,162.1,51,0,0,0,55.6,365
bengaluru,1968,875.5,567.1,157.9,60,0,0,0,55.2,366
bengaluru,1969,1073.6,386.6,436.8,65,1,0,0,72.1,365
bengaluru,1970,972.8,432.8,329.0,62,1,0,0,68.7,365
bengaluru,1971,855.3,466.1,177.3,63,0,0,0,63.4,365
bengaluru,1972,865.9,385.5,333.1,61,0,0,0,55.2,366
bengaluru,1973,932.1,640.4,237.6,71,1,0,0,65.5,365
bengaluru,1974,845.8,489.8,172.4,66,0,0,0,61.4,365
bengaluru,1975,995.2,573.4,304.7,72,2,0,0,72.5,365
bengaluru,1976,763.1,355.3,232.8,53,0,0,0,61.0,366
bengaluru,1977,1044.9,423.3,389.4,75,1,0,0,96.8,365
bengaluru,1978,778.6,461.6,155.7,57,0,0,0,51.1,365
bengaluru,1979,1087.9,666.1,279.7,74,2,0,0,80.9,365
bengaluru,1980,767.0,443.3,138.7,66,1,0,0,112.3,366
bengaluru,1981,780.5,402.2,157.9,59,0,0,0,50.6,365
bengaluru,1982,774.0,519.9,134.0,47,1,0,0,74.0,365
bengaluru,1983,792.8,583.7,107.6,66,0,0,0,48.4,365
bengaluru,1984,765.4,412.5,149.7,51,1,0,0,77.1,366
bengaluru,1985,609.9,347.0,158.6,58,0,0,0,38.2,365
bengaluru,1986,1014.4,724.9,153.5,60,2,0,0,105.3,365
bengaluru,1987,753.9,349.0,250.3,63,0,0,0,49.6,365
bengaluru,1988,1049.6,779.7,64.4,65,3,0,0,107.4,366
bengaluru,1989,803.5,509.3,218.0,54,0,0,0,60.5,365
bengaluru,1990,503.6,268.9,97.0,47,0,0,0,43.5,365
bengaluru,1991,1285.1,571.4,504.5,73,2,0,0,110.7,365
bengaluru,1992,759.9,448.8,186.3,61,0,0,0,57.5,366
bengaluru,1993,620.2,412.6,169.5,62,0,0,0,59.1,365
bengaluru,1994,418.1,131.3,170.4,49,0,0,0,26.9,365
bengaluru,1995,337.0,217.0,81.0,49,0,0,0,13.6,365
bengaluru,1996,451.2,317.8,66.2,61,0,0,0,26.1,366
bengaluru,1997,485.1,210.3,216.3,47,0,0,0,44.6,365
bengaluru,1998,1307.3,675.1,594.8,61,6,3,0,188.5,365
bengaluru,1999,445.3,208.3,144.3,63,0,0,0,16.3,365
bengaluru,2000,429.9,276.5,86.9,59,0,0,0,17.6,366
bengaluru,2001,447.9,269.0,94.0,48,0,0,0,29.2,365
bengaluru,2002,295.7,142.8,82.4,44,0,0,0,23.2,365
bengaluru,2003,714.0,361.2,298.7,60,0,0,0,57.5,365
bengaluru,2004,1072.6,596.9,236.6,71,0,0,0,61.8,366
bengaluru,2005,1455.8,677.2,568.2,77,3,0,0,84.2,365
bengaluru,2006,522.4,249.1,101.5,50,0,0,0,42.5,365
bengaluru,2007,1076.0,656.6,183.9,67,2,0,0,80.0,365
bengaluru,2008,1060.7,603.9,173.0,64,3,0,0,107.8,366
bengaluru,2009,762.9,485.9,82.2,56,0,0,0,48.9,365
bengaluru,2010,1055.7,488.7,272.3,87,1,0,0,66.6,365
bengaluru,2011,1189.7,572.3,217.9,85,2,0,0,106.8,365
bengaluru,2012,676.2,330.8,193.2,42,2,0,0,84.9,366
bengaluru,2013,1077.7,686.2,215.0,66,1,0,0,80.8,365
bengaluru,2014,903.5,472.8,329.7,60,1,0,0,66.0,365
bengaluru,2015,1183.8,439.3,372.2,76,1,0,0,75.7,365
bengaluru,2016,817.9,525.0,94.6,54,2,0,0,68.9,366
bengaluru,2017,1426.1,873.3,301.4,73,1,1,0,133.0,365
bengaluru,2018,838.3,434.1,99.7,65,0,0,0,40.8,365
bengaluru,2019,1013.9,449.4,338.0,66,1,0,0,82.3,365
bengaluru,2020,1126.4,572.8,321.4,69,1,0,0,68.0,366
bengaluru,2021,1396.1,569.0,610.7,90,1,0,0,88.0,365
bengaluru,2022,1945.6,1106.5,429.9,99,5,1,0,119.0,365
bengaluru,2023,893.4,423.0,184.5,66,1,0,0,77.2,365
bengaluru,2024,989.9,443.1,402.2,72,1,0,0,76.3,366
bengaluru,2025,966.4,460.5,128.4,68,1,0,0,83.8,365
chennai,1901,1352.8,403.8,859.2,68,3,1,0,169.8,365
chennai,1902,1375.3,311.7,1054.3,66,4,1,0,201.4,365
chennai,1903,1741.1,465.4,1094.7,87,6,1,0,132.8,365
chennai,1904,480.1,249.2,140.0,41,0,0,0,34.5,366
chennai,1905,1115.8,253.3,783.4,63,3,1,0,137.9,365
chennai,1906,1273.8,337.6,739.2,66,4,0,0,113.3,365
chennai,1907,954.6,212.6,717.6,56,4,0,0,74.7,365
chennai,1908,1264.5,366.5,874.2,57,3,3,0,143.0,366
chennai,1909,934.9,502.2,105.1,55,4,1,0,115.9,365
chennai,1910,1082.2,394.7,684.8,57,3,1,0,170.8,365
chennai,1911,827.5,296.9,529.0,47,2,0,0,76.3,365
chennai,1912,1201.1,302.4,863.3,55,3,2,0,174.3,366
chennai,1913,1571.0,202.8,1307.2,51,7,2,0,195.3,365
chennai,1914,1205.3,425.7,712.5,70,4,0,0,83.8,365
chennai,1915,1325.5,371.8,759.9,56,6,1,0,116.2,365
chennai,1916,1191.4,301.7,889.2,63,2,2,0,133.5,366
chennai,1917,1504.4,505.8,955.8,70,4,2,0,179.4,365
chennai,1918,1576.0,189.2,1021.0,71,6,0,0,112.7,365
chennai,1919,1186.3,420.6,727.7,72,2,0,0,105.5,365
chennai,1920,1662.8,179.2,1269.9,59,8,3,0,145.2,366
chennai,1921,1762.5,583.2,1027.5,65,5,1,0,155.7,365
chennai,1922,1545.5,281.9,1157.5,74,6,2,0,155.3,365
chennai,1923,886.2,220.2,519.8,54,2,0,0,90.4,365
chennai,1924,985.2,385.0,570.0,56,3,0,0,90.4,366
chennai,1925,1596.6,281.3,1142.1,76,4,0,0,101.8,365
chennai,1926,833.7,291.8,471.9,55,1,0,0,91.0,365
chennai,1927,860.4,297.2,533.0,62,1,0,0,99.9,365
chennai,1928,991.1,361.2,558.9,75,2,0,0,82.1,366
chennai,1929,1244.1,393.2,684.4,77,2,0,0,93.3,365
chennai,1930,1897.2,331.5,1305.4,83,4,2,0,144.6,365
chennai,1931,1459.9,375.8,1024.8,75,2,2,0,179.7,365
chennai,1932,1072.1,213.8,763.9,55,3,2,0,140.4,366
chennai,1933,1169.5,246.8,866.3,52,4,2,0,178.9,365
chennai,1934,1057.3,317.9,670.6,49,3,1,0,165.5,365
chennai,1935,1068.4,396.6,645.6,49,3,1,1,231.7,365
chennai,1936,1212.3,426.4,671.7,75,2,1,0,126.5,366
chennai,1937,1578.5,419.7,1072.9,67,5,1,0,129.7,365
chennai,1938,662.7,354.8,252.7,47,1,0,0,107.3,365
chennai,1939,1080.5,274.1,629.4,59,2,0,0,111.8,365
chennai,1940,1440.6,260.2,1008.3,67,4,2,0,153.7,366
chennai,1941,1685.3,393.1,1282.7,71,8,2,0,139.2,365
chennai,1942,837.9,269.1,546.1,53,2,0,0,84.7,365
chennai,1943,1665.8,325.2,998.8,70,7,1,0,146.6,365
chennai,1944,1775.6,316.2,1252.1,82,6,1,1,291.1,366
chennai,1945,1065.9,342.1,614.0,57,3,0,0,74.3,365
chennai,1946,2407.1,374.5,1934.2,88,13,5,0,138.1,365
chennai,1947,1035.6,531.0,317.8,59,3,0,0,95.0,365
chennai,1948,771.2,268.4,463.2,59,0,0,0,53.1,366
chennai,1949,944.4,519.2,181.3,59,2,1,0,176.0,365
chennai,1950,973.9,423.3,464.5,51,2,1,0,146.4,365
chennai,1951,742.9,359.8,306.5,56,2,0,0,89.2,365
chennai,1952,1067.8,173.3,380.7,40,2,2,1,304.9,366
chennai,1953,929.0,407.7,498.2,56,0,0,0,62.1,365
chennai,1954,1087.4,423.5,631.6,57,2,0,0,78.9,365
chennai,1955,1148.1,348.7,517.3,70,2,0,0,92.3,365
chennai,1956,1108.2,427.2,545.7,86,0,0,0,51.4,366
chennai,1957,1043.9,395.9,636.4,59,3,1,0,121.0,365
chennai,1958,1309.9,317.3,920.3,65,4,2,0,135.6,365
chennai,1959,849.5,244.8,548.6,55,1,0,0,102.0,365
chennai,1960,1270.0,348.0,900.0,65,5,1,0,116.1,366
chennai,1961,1125.4,599.1,465.9,73,1,0,0,68.2,365
chennai,1962,1216.2,544.7,510.6,96,0,0,0,63.8,365
chennai,1963,1157.8,300.4,645.3,65,3,0,0,82.2,365
chennai,1964,1194.0,409.4,784.6,52,4,0,0,114.4,366
chennai,1965,1214.3,360.5,826.8,79,1,0,0,92.4,365
chennai,1966,1472.2,650.1,736.9,67,5,1,0,117.5,365
chennai,1967,1146.2,417.2,599.1,68,1,1,0,167.2,365
chennai,1968,819.6,303.2,424.3,66,0,0,0,46.7,366
chennai,1969,1381.3,228.2,1125.0,62,4,2,0,200.7,365
chennai,1970,997.4,452.4,537.5,55,2,0,0,107.4,365
chennai,1971,1005.7,280.3,655.9,65,3,1,0,131.7,365
chennai,1972,1300.0,233.8,957.0,74,3,0,0,72.0,366
chennai,1973,847.4,344.8,491.8,58,0,0,0,63.3,365
chennai,1974,716.8,268.0,434.6,51,1,0,0,75.0,365
chennai,1975,1363.1,616.5,733.3,65,4,1,0,119.5,365
chennai,1976,1556.9,661.0,893.5,73,4,2,1,267.1,366
chennai,1977,1346.5,304.1,1023.0,70,5,0,0,82.3,365
chennai,1978,1314.1,364.4,944.3,73,2,2,0,129.4,365
chennai,1979,1130.4,330.8,680.0,68,2,1,0,121.0,365
chennai,1980,1008.2,249.2,758.0,51,4,1,0,163.1,366
chennai,1981,1077.4,493.2,528.6,68,1,0,0,113.8,365
chennai,1982,714.7,246.6,462.5,47,1,1,0,191.2,365
chennai,1983,1612.8,700.3,910.4,75,3,1,1,306.2,365
chennai,1984,1842.4,491.1,1080.5,69,5,3,2,270.0,366
chennai,1985,1716.5,466.5,1144.6,68,5,3,1,290.6,365
chennai,1986,1257.1,262.6,679.1,66,3,1,0,145.3,365
chennai,1987,1228.7,331.5,836.5,69,1,0,0,65.9,365
chennai,1988,1405.2,512.2,828.2,54,6,1,0,168.3,366
chennai,1989,1260.1,477.9,765.6,68,5,1,0,127.6,365
chennai,1990,1808.4,472.5,935.6,79,6,2,0,196.1,365
chennai,1991,1896.5,625.0,1257.2,64,8,4,2,249.1,365
chennai,1992,1107.4,343.3,692.7,55,5,0,0,82.0,366
chennai,1993,1095.2,330.5,733.4,76,1,0,0,67.8,365
chennai,1994,1391.8,158.9,1188.0,62,4,2,1,227.0,365
chennai,1995,1337.7,482.4,509.9,72,3,0,0,86.2,365
chennai,1996,1842.8,832.6,981.5,67,3,2,1,314.7,366
chennai,1997,1244.5,293.9,929.7,78,3,0,0,105.9,365
chennai,1998,928.3,302.5,590.5,66,1,0,0,65.9,365
chennai,1999,782.2,259.4,485.1,56,0,0,0,47.4,365
chennai,2000,691.0,271.1,183.1,56,1,0,0,77.1,366
chennai,2001,290.7,43.7,141.1,28,0,0,0,25.2,365
chennai,2002,713.5,297.9,345.9,52,0,0,0,49.0,365
chennai,2003,204.1,116.0,86.2,23,0,0,0,29.1,365
chennai,2004,1101.5,352.2,583.9,67,1,0,0,112.6,366
chennai,2005,2405.1,327.8,1924.6,74,9,5,2,235.1,365
chennai,2006,1296.1,421.3,841.1,72,3,1,0,132.7,365
chennai,2007,1045.7,420.8,615.1,66,2,1,0,147.4,365
chennai,2008,1665.5,373.7,1037.9,65,8,2,0,193.5,366
chennai,2009,1256.2,311.2,891.8,60,3,2,0,131.0,365
chennai,2010,1662.9,811.5,723.7,86,2,0,0,102.0,365
chennai,2011,1432.3,521.1,746.7,75,3,0,0,73.4,365
chennai,2012,1171.1,406.8,707.3,59,3,1,0,127.6,366
chennai,2013,1015.0,609.4,356.1,66,0,0,0,49.3,365
chennai,2014,1097.7,415.0,668.3,57,3,0,0,92.7,365
chennai,2015,2311.1,481.7,1742.1,81,6,4,2,329.3,365
chennai,2016,991.0,463.6,310.2,41,4,0,0,113.5,366
chennai,2017,1571.6,623.3,930.8,71,4,1,0,122.5,365
chennai,2018,873.9,343.8,522.1,45,3,0,0,102.8,365
chennai,2019,1183.3,505.3,676.1,70,2,0,0,91.6,365
chennai,2020,1310.9,348.9,900.6,68,4,0,0,115.5,366
chennai,2021,2148.9,574.6,1413.9,88,7,2,0,164.8,365
chennai,2022,1572.5,492.2,932.3,83,3,2,0,130.3,365
chennai,2023,1568.5,512.8,922.2,75,5,1,0,180.8,365
chennai,2024,1774.0,583.8,1114.0,81,6,1,0,155.0,366
chennai,2025,1754.0,609.3,964.1,80,7,1,0,196.7,365
delhi,1901,347.4,294.7,5.2,24,0,0,0,34.0,365
delhi,1902,483.4,461.2,10.8,24,1,0,0,101.0,365
delhi,1903,269.6,238.7,9.6,19,0,0,0,45.0,365
delhi,1904,512.3,401.4,29.5,36,1,1,0,117.2,366
delhi,1905,346.4,251.8,0.2,22,0,0,0,47.6,365
delhi,1906,829.0,730.6,12.7,47,2,0,0,93.6,365
delhi,1907,367.6,214.9,0.0,22,0,0,0,55.6,365
delhi,1908,665.1,622.0,3.4,40,2,0,0,84.4,366
delhi,1909,640.5,494.9,45.2,48,0,0,0,51.4,365
delhi,1910,586.4,469.5,88.6,33,2,0,0,92.2,365
delhi,1911,582.8,407.0,62.7,30,2,1,0,133.7,365
delhi,1912,737.7,649.4,0.0,33,4,0,0,114.9,366
delhi,1913,489.4,348.4,12.8,31,0,0,0,48.2,365
delhi,1914,809.2,712.3,25.5,47,1,0,0,114.5,365
delhi,1915,498.5,337.8,5.6,37,1,0,0,90.1,365
delhi,1916,851.1,766.7,35.1,53,1,0,0,69.5,366
delhi,1917,901.8,645.0,71.0,57,1,0,0,71.2,365
delhi,1918,257.9,203.1,0.0,25,0,0,0,25.4,365
delhi,1919,580.0,384.8,33.8,42,0,0,0,47.1,365
delhi,1920,525.2,434.6,0.0,27,2,0,0,106.2,366
delhi,1921,603.6,513.2,43.5,30,1,0,0,69.0,365
delhi,1922,822.7,726.4,43.7,41,1,0,0,75.0,365
delhi,1923,770.6,626.4,55.6,39,2,0,0,76.9,365
delhi,1924,733.2,578.9,49.4,43,2,0,0,91.0,366
delhi,1925,534.0,509.2,14.3,36,0,0,0,51.7,365
delhi,1926,643.7,545.5,5.2,45,1,0,0,71.1,365
delhi,1927,651.1,510.6,56.1,40,1,0,0,97.8,365
delhi,1928,345.2,148.8,74.1,34,0,0,0,40.2,366
delhi,1929,381.1,332.1,20.2,31,0,0,0,34.1,365
delhi,1930,612.1,531.6,7.8,34,1,0,0,74.1,365
delhi,1931,594.4,432.5,93.4,37,1,0,0,68.5,365
delhi,1932,470.8,431.8,7.8,26,0,0,0,56.3,366
delhi,1933,1425.7,1262.9,67.8,61,6,1,0,119.0,365
delhi,1934,948.4,839.7,32.2,45,3,0,0,90.1,365
delhi,1935,656.5,533.1,28.8,41,1,1,0,123.0,365
delhi,1936,868.2,769.7,57.6,45,2,0,0,92.7,366
delhi,1937,566.5,438.5,12.8,30,2,1,0,136.5,365
delhi,1938,325.3,253.5,0.2,22,0,0,0,45.4,365
delhi,1939,392.6,350.3,0.0,33,0,0,0,39.5,365
delhi,1940,567.1,469.5,0.0,37,1,0,0,77.8,366
delhi,1941,380.1,284.1,1.8,29,0,0,0,48.1,365
delhi,1942,833.0,759.0,8.0,46,1,0,0,81.8,365
delhi,1943,612.0,591.4,0.0,32,2,0,0,78.8,365
delhi,1944,772.1,539.1,58.5,43,1,0,0,70.7,366
delhi,1945,785.4,710.4,20.1,42,1,0,0,78.4,365
delhi,1946,640.4,574.8,4.8,44,1,0,0,81.0,365
delhi,1947,495.8,466.7,4.4,33,0,0,0,52.9,365
delhi,1948,852.6,697.8,30.4,51,2,1,0,136.1,366
delhi,1949,725.6,647.2,0.2,36,2,1,0,126.6,365
delhi,1950,937.1,886.4,0.0,50,1,0,0,79.6,365
delhi,1951,665.5,507.6,55.6,34,1,0,0,66.6,365
delhi,1952,634.5,500.0,1.5,44,0,0,0,61.4,366
delhi,1953,459.1,394.8,1.7,28,0,0,0,46.5,365
delhi,1954,771.1,366.9,211.2,35,2,1,0,124.3,365
delhi,1955,864.9,672.5,130.1,46,3,0,0,109.5,365
delhi,1956,878.1,494.9,342.3,36,4,1,0,120.8,366
delhi,1957,941.3,748.6,45.1,47,1,1,0,156.0,365
delhi,1958,1114.7,1045.9,35.4,46,4,1,0,148.0,365
delhi,1959,423.4,357.4,9.7,37,0,0,0,41.9,365
delhi,1960,865.8,712.0,96.7,41,1,0,0,88.3,366
delhi,1961,1048.8,877.0,75.3,55,1,0,0,68.5,365
delhi,1962,898.7,805.3,21.5,71,0,0,0,48.8,365
delhi,1963,926.5,872.4,33.9,40,2,1,1,234.6,365
delhi,1964,1283.5,1233.7,22.3,47,4,2,0,203.6,366
delhi,1965,710.2,669.3,3.1,24,3,1,0,127.5,365
delhi,1966,844.8,760.5,7.5,48,2,0,0,87.2,365
delhi,1967,1115.2,1008.7,72.7,50,4,1,0,131.1,365
delhi,1968,515.4,475.1,0.5,28,2,0,0,94.4,366
delhi,1969,663.1,635.5,0.0,30,2,0,0,108.1,365
delhi,1970,593.1,452.2,7.6,44,0,0,0,45.7,365
delhi,1971,625.7,566.9,6.2,46,0,0,0,52.0,365
delhi,1972,472.6,420.0,23.5,32,1,0,0,81.2,366
delhi,1973,523.0,474.2,17.6,51,1,0,0,89.8,365
delhi,1974,509.9,476.1,31.1,26,0,0,0,58.5,365
delhi,1975,1226.8,1189.3,6.5,60,4,0,0,79.2,365
delhi,1976,541.9,505.4,0.3,31,1,0,0,73.6,366
delhi,1977,609.1,527.4,25.0,55,0,0,0,39.9,365
delhi,1978,1108.7,1034.9,3.6,53,4,2,0,129.8,365
delhi,1979,410.9,311.1,8.0,42,0,0,0,25.4,365
delhi,1980,292.4,260.3,23.5,36,0,0,0,27.7,366
delhi,1981,392.4,322.1,23.0,34,0,0,0,49.9,365
delhi,1982,537.9,337.6,10.5,37,0,0,0,54.5,365
delhi,1983,973.0,692.0,36.0,62,0,0,0,60.6,365
delhi,1984,673.6,655.3,0.1,42,2,0,0,73.2,366
delhi,1985,556.0,498.3,49.0,43,1,0,0,70.5,365
delhi,1986,425.4,304.2,12.3,32,0,0,0,34.7,365
delhi,1987,274.9,178.8,16.9,27,0,0,0,27.1,365
delhi,1988,686.6,620.3,0.0,54,0,0,0,48.5,366
delhi,1989,217.2,141.1,5.5,17,0,0,0,30.3,365
delhi,1990,668.5,470.2,58.2,46,0,0,0,55.2,365
delhi,1991,745.7,679.0,37.1,29,4,1,0,130.5,365
delhi,1992,669.5,601.1,40.2,40,2,0,0,88.2,366
delhi,1993,846.1,784.6,0.0,44,2,0,0,81.0,365
delhi,1994,852.6,791.3,0.0,53,2,0,0,93.8,365
delhi,1995,1067.9,962.6,0.0,43,4,0,0,92.0,365
delhi,1996,1050.5,949.8,2.3,45,3,1,0,119.8,366
delhi,1997,431.7,330.7,21.6,22,1,0,0,65.0,365
delhi,1998,587.2,562.2,10.3,38,0,0,0,53.2,365
delhi,1999,485.2,448.3,6.6,28,0,0,0,55.9,365
delhi,2000,633.0,610.8,0.6,31,2,0,0,71.4,366
delhi,2001,664.3,556.9,4.1,51,2,0,0,90.1,365
delhi,2002,525.0,416.4,14.9,29,1,0,0,77.9,365
delhi,2003,1026.4,930.5,22.9,50,4,0,0,98.0,365
delhi,2004,598.4,483.4,39.3,26,2,1,0,121.5,366
delhi,2005,501.7,447.2,0.1,36,0,0,0,58.7,365
delhi,2006,310.7,270.1,10.2,26,0,0,0,63.6,365
delhi,2007,176.6,109.8,0.0,23,0,0,0,10.5,365
delhi,2008,189.1,151.8,1.0,29,0,0,0,16.0,366
delhi,2009,227.3,212.1,1.0,22,0,0,0,24.2,365
delhi,2010,598.1,570.0,16.1,49,0,0,0,42.6,365
delhi,2011,636.2,541.4,1.2,47,0,0,0,43.3,365
delhi,2012,493.3,426.8,14.5,43,0,0,0,48.6,366
delhi,2013,438.5,332.4,22.1,44,0,0,0,30.2,365
delhi,2014,272.2,157.2,8.0,31,0,0,0,22.6,365
delhi,2015,449.7,334.0,2.3,40,0,0,0,42.5,365
delhi,2016,282.0,251.5,4.6,32,0,0,0,26.1,366
delhi,2017,345.4,298.3,4.0,35,0,0,0,31.8,365
delhi,2018,362.6,347.2,2.9,37,0,0,0,37.5,365
delhi,2019,349.9,241.0,28.3,38,0,0,0,24.4,365
delhi,2020,438.7,334.4,3.3,32,0,0,0,58.5,366
delhi,2021,823.5,660.6,61.6,44,1,0,0,114.7,365
delhi,2022,487.4,310.4,80.0,41,0,0,0,51.7,365
delhi,2023,570.5,451.0,15.0,46,0,0,0,51.8,365
delhi,2024,505.1,441.5,29.0,49,0,0,0,56.1,366
delhi,2025,471.4,364.1,35.8,50,0,0,0,23.6,365
hyderabad,1901,727.3,435.7,112.7,66,0,0,0,26.9,365
hyderabad,1902,609.4,487.7,103.1,52,0,0,0,47.5,365
hyderabad,1903,1277.9,848.1,339.1,73,2,0,0,81.4,365
hyderabad,1904,569.8,453.6,67.8,40,0,0,0,60.4,366
hyderabad,1905,576.0,425.3,52.5,52,0,0,0,36.7,365
hyderabad,1906,809.7,605.9,122.2,67,0,0,0,44.0,365
hyderabad,1907,776.2,567.4,30.0,58,0,0,0,34.5,365
hyderabad,1908,893.8,884.3,2.4,42,3,2,0,163.9,366
hyderabad,1909,691.2,611.2,8.5,54,0,0,0,50.1,365
hyderabad,1910,691.7,543.0,137.8,49,1,0,0,76.5,365
hyderabad,1911,521.0,456.0,45.6,44,0,0,0,39.6,365
hyderabad,1912,616.6,482.8,42.2,46,0,0,0,55.1,366
hyderabad,1913,469.2,368.1,41.8,42,0,0,0,32.8,365
hyderabad,1914,961.7,891.0,10.1,64,1,1,0,123.7,365
hyderabad,1915,1252.4,933.8,194.5,57,4,0,0,94.4,365
hyderabad,1916,1213.9,780.5,358.6,87,1,0,0,95.9,366
hyderabad,1917,896.8,578.6,135.5,69,0,0,0,38.6,365
hyderabad,1918,534.7,379.9,39.7,49,0,0,0,26.2,365
hyderabad,1919,983.6,653.6,281.9,66,0,0,0,56.9,365
hyderabad,1920,628.9,435.6,30.4,32,1,0,0,79.9,366
hyderabad,1921,727.2,571.7,147.4,47,0,0,0,47.1,365
hyderabad,1922,494.8,299.4,70.1,47,0,0,0,62.6,365
hyderabad,1923,605.4,564.4,0.4,48,0,0,0,55.6,365
hyderabad,1924,808.3,543.4,224.7,53,1,0,0,77.5,366
hyderabad,1925,886.7,518.9,280.0,57,1,0,0,67.6,365
hyderabad,1926,589.6,397.1,14.2,49,0,0,0,31.8,365
hyderabad,1927,961.0,756.9,185.3,54,1,0,0,71.1,365
hyderabad,1928,801.4,535.7,158.9,63,0,0,0,62.2,366
hyderabad,1929,591.5,475.6,21.1,52,0,0,0,37.9,365
hyderabad,1930,657.3,504.3,98.5,52,0,0,0,42.4,365
hyderabad,1931,988.2,817.1,109.2,78,1,0,0,74.9,365
hyderabad,1932,575.0,466.1,83.4,51,0,0,0,60.9,366
hyderabad,1933,1103.5,694.3,258.7,82,0,0,0,54.9,365
hyderabad,1934,602.3,530.5,52.5,54,0,0,0,42.6,365
hyderabad,1935,690.2,481.5,97.8,53,0,0,0,48.9,365
hyderabad,1936,836.2,484.8,252.1,72,1,0,0,82.6,366
hyderabad,1937,768.6,454.0,52.4,68,0,0,0,59.8,365
hyderabad,1938,731.1,628.0,30.3,70,0,0,0,37.1,365
hyderabad,1939,596.8,409.6,146.2,59,0,0,0,41.0,365
hyderabad,1940,731.5,450.4,87.0,68,1,0,0,82.2,366
hyderabad,1941,442.7,356.8,24.8,45,0,0,0,35.8,365
hyderabad,1942,579.6,519.1,9.5,52,0,0,0,60.9,365
hyderabad,1943,794.4,615.8,96.5,69,0,0,0,53.0,365
hyderabad,1944,849.1,552.6,148.0,64,0,0,0,47.9,366
hyderabad,1945,783.1,593.2,150.7,68,0,0,0,46.1,365
hyderabad,1946,582.4,432.6,89.6,66,0,0,0,41.3,365
hyderabad,1947,875.0,759.9,94.8,58,1,0,0,109.6,365
hyderabad,1948,674.2,455.6,163.2,67,0,0,0,43.2,366
hyderabad,1949,549.6,490.3,24.6,59,0,0,0,30.3,365
hyderabad,1950,869.8,800.2,36.8,48,2,0,0,112.2,365
hyderabad,1951,776.1,586.1,107.0,62,0,0,0,49.5,365
hyderabad,1952,489.1,330.3,92.9,47,0,0,0,31.4,366
hyderabad,1953,853.5,543.4,295.9,72,0,0,0,59.2,365
hyderabad,1954,821.4,707.4,83.7,52,2,1,0,133.3,365
hyderabad,1955,1016.2,911.8,78.6,73,1,0,0,83.9,365
hyderabad,1956,779.8,620.6,104.0,72,0,0,0,34.3,366
hyderabad,1957,664.5,534.9,41.0,58,0,0,0,43.5,365
hyderabad,1958,857.6,675.6,100.9,92,0,0,0,34.7,365
hyderabad,1959,864.8,765.3,86.9,62,1,0,0,68.0,365
hyderabad,1960,736.1,576.5,86.5,61,0,0,0,44.5,366
hyderabad,1961,963.6,664.8,212.2,77,0,0,0,64.3,365
hyderabad,1962,1064.3,714.1,226.9,101,0,0,0,42.4,365
hyderabad,1963,785.7,618.9,109.1,74,0,0,0,34.3,365
hyderabad,1964,785.7,713.9,47.6,68,0,0,0,40.5,366
hyderabad,1965,630.8,612.0,0.0,40,2,0,0,81.7,365
hyderabad,1966,700.8,471.8,208.1,60,0,0,0,48.2,365
hyderabad,1967,800.0,718.5,24.8,55,0,0,0,63.4,365
hyderabad,1968,662.4,491.6,107.7,56,0,0,0,57.9,366
hyderabad,1969,655.3,463.8,123.1,60,0,0,0,43.9,365
hyderabad,1970,901.3,728.3,55.7,71,0,0,0,42.8,365
hyderabad,1971,634.2,452.8,84.4,57,1,0,0,83.3,365
hyderabad,1972,446.9,305.9,123.7,42,0,0,0,35.5,366
hyderabad,1973,891.1,588.7,275.4,60,0,0,0,48.1,365
hyderabad,1974,810.9,492.3,299.4,56,1,0,0,65.0,365
hyderabad,1975,1142.6,778.5,252.7,80,1,1,0,121.2,365
hyderabad,1976,809.1,707.1,64.6,55,1,0,0,84.5,366
hyderabad,1977,672.4,455.8,150.7,49,1,0,0,68.8,365
hyderabad,1978,1061.8,833.2,82.4,81,1,0,0,73.3,365
hyderabad,1979,668.2,464.8,88.5,51,0,0,0,52.9,365
hyderabad,1980,567.4,517.1,16.2,52,0,0,0,35.1,366
hyderabad,1981,964.4,783.0,81.6,74,1,0,0,79.4,365
hyderabad,1982,815.6,576.8,175.5,59,1,0,0,85.1,365
hyderabad,1983,1275.3,987.8,239.4,70,3,0,0,94.9,365
hyderabad,1984,696.4,530.7,122.7,44,0,0,0,63.6,366
hyderabad,1985,550.3,405.5,120.6,46,0,0,0,34.4,365
hyderabad,1986,682.6,499.2,80.2,56,0,0,0,47.6,365
hyderabad,1987,978.9,495.2,386.4,57,2,1,0,134.0,365
hyderabad,1988,828.7,742.5,18.7,63,0,0,0,61.4,366
hyderabad,1989,867.7,774.9,47.3,48,2,1,0,121.5,365
hyderabad,1990,964.7,612.0,164.8,73,0,0,0,60.7,365
hyderabad,1991,836.2,723.5,59.1,43,5,0,0,96.7,365
hyderabad,1992,638.2,437.7,145.1,55,0,0,0,47.8,366
hyderabad,1993,673.4,458.5,164.8,55,0,0,0,45.5,365
hyderabad,1994,792.3,438.5,301.1,55,1,0,0,100.6,365
hyderabad,1995,1166.3,663.2,326.5,67,0,0,0,50.6,365
hyderabad,1996,953.5,773.3,131.0,64,1,0,0,66.0,366
hyderabad,1997,781.9,454.2,193.2,58,0,0,0,50.4,365
hyderabad,1998,879.3,669.6,188.9,54,1,0,0,67.7,365
hyderabad,1999,535.7,431.9,36.8,50,0,0,0,34.2,365
hyderabad,2000,959.4,792.9,33.5,50,1,1,0,170.3,366
hyderabad,2001,801.9,563.3,140.4,54,2,0,0,91.3,365
hyderabad,2002,613.3,414.4,112.5,52,0,0,0,36.2,365
hyderabad,2003,760.1,546.0,174.4,55,0,0,0,57.8,365
hyderabad,2004,701.7,467.7,81.5,58,1,0,0,73.7,366
hyderabad,2005,1165.0,793.9,254.2,66,2,0,0,86.2,365
hyderabad,2006,928.9,658.3,72.4,58,3,0,0,91.7,365
hyderabad,2007,826.3,687.8,40.8,63,0,0,0,60.4,365
hyderabad,2008,1154.3,812.1,92.9,59,2,1,0,117.2,366
hyderabad,2009,714.6,605.7,70.5,42,2,0,0,114.2,365
hyderabad,2010,1181.8,975.2,151.3,81,1,0,0,66.6,365
hyderabad,2011,584.1,497.6,57.1,44,1,0,0,68.1,365
hyderabad,2012,734.9,583.0,129.7,49,1,0,0,97.8,366
hyderabad,2013,1018.3,677.4,262.5,64,2,0,0,78.7,365
hyderabad,2014,637.0,448.6,56.6,43,0,0,0,46.9,365
hyderabad,2015,615.1,422.5,56.9,41,0,0,0,34.1,365
hyderabad,2016,1053.2,906.1,46.3,54,2,0,0,109.4,366
hyderabad,2017,1038.5,752.9,229.8,60,3,0,0,87.5,365
hyderabad,2018,580.8,404.8,79.4,51,0,0,0,52.2,365
hyderabad,2019,873.7,631.1,172.6,71,1,0,0,69.8,365
hyderabad,2020,1232.4,852.0,326.6,73,1,1,0,190.1,366
hyderabad,2021,1008.9,831.5,103.3,67,2,0,0,75.9,365
hyderabad,2022,1046.2,819.8,145.4,72,1,0,0,65.8,365
hyderabad,2023,893.3,660.0,23.9,55,0,0,0,62.8,365
hyderabad,2024,858.9,697.8,77.9,66,0,0,0,63.6,366
hyderabad,2025,1103.6,829.7,101.2,69,0,0,0,54.5,365
jaipur,1901,331.4,252.3,20.1,28,0,0,0,59.6,365
jaipur,1902,417.3,396.8,1.6,32,0,0,0,53.0,365
jaipur,1903,602.0,575.8,9.1,40,1,0,0,95.3,365
jaipur,1904,681.8,579.7,39.1,42,1,0,0,81.9,366
jaipur,1905,124.2,101.3,0.1,16,0,0,0,16.8,365
jaipur,1906,418.4,362.9,1.7,35,0,0,0,44.0,365
jaipur,1907,469.4,354.6,0.0,43,1,0,0,68.9,365
jaipur,1908,862.6,820.9,2.1,52,0,0,0,61.3,366
jaipur,1909,602.6,511.0,33.4,51,0,0,0,52.2,365
jaipur,1910,511.6,448.1,46.0,35,0,0,0,48.9,365
jaipur,1911,386.3,335.3,17.0,27,0,0,0,34.7,365
jaipur,1912,712.7,646.7,3.5,37,2,0,0,115.3,366
jaipur,1913,330.1,250.7,23.0,25,0,0,0,36.7,365
jaipur,1914,585.8,565.1,17.6,44,0,0,0,36.6,365
jaipur,1915,303.8,207.8,10.5,37,0,0,0,27.8,365
jaipur,1916,534.6,519.6,4.7,42,0,0,0,35.6,366
jaipur,1917,1419.7,1255.9,79.4,69,2,0,0,98.5,365
jaipur,1918,226.9,221.8,0.0,13,0,0,0,36.7,365
jaipur,1919,780.9,642.6,26.8,43,3,0,0,94.0,365
jaipur,1920,762.1,703.6,0.0,32,2,2,0,145.3,366
jaipur,1921,416.1,403.8,4.2,20,1,0,0,82.5,365
jaipur,1922,410.2,376.0,20.0,31,0,0,0,48.8,365
jaipur,1923,344.3,317.2,14.1,15,0,0,0,59.6,365
jaipur,1924,1334.5,1125.3,176.0,47,5,1,1,220.4,366
jaipur,1925,376.2,351.1,24.6,27,0,0,0,35.5,365
jaipur,1926,708.4,624.6,0.0,43,0,0,0,63.5,365
jaipur,1927,454.1,390.1,46.7,30,0,0,0,53.3,365
jaipur,1928,485.3,317.2,148.7,33,1,0,0,95.7,366
jaipur,1929,712.6,683.1,12.7,38,1,1,0,128.7,365
jaipur,1930,527.3,446.3,28.9,34,1,0,0,69.1,365
jaipur,1931,742.2,705.3,31.2,37,3,0,0,105.8,365
jaipur,1932,545.0,499.3,3.6,27,1,1,0,156.3,366
jaipur,1933,1063.4,984.2,5.0,58,2,0,0,80.4,365
jaipur,1934,770.3,750.9,18.2,40,2,0,0,82.0,365
jaipur,1935,846.9,723.9,84.1,43,3,1,0,189.7,365
jaipur,1936,501.4,468.1,19.8,31,0,0,0,48.1,366
jaipur,1937,423.4,378.4,4.2,33,0,0,0,48.3,365
jaipur,1938,272.6,244.2,4.1,24,0,0,0,36.5,365
jaipur,1939,261.3,228.4,0.0,20,0,0,0,29.7,365
jaipur,1940,525.4,445.4,2.8,42,0,0,0,38.4,366
jaipur,1941,327.2,299.5,10.5,18,0,0,0,63.5,365
jaipur,1942,846.8,817.1,0.0,45,1,0,0,110.0,365
jaipur,1943,526.1,502.4,0.2,42,0,0,0,59.2,365
jaipur,1944,651.6,522.5,33.7,45,0,0,0,45.8,366
jaipur,1945,733.5,676.1,0.0,42,1,1,0,117.7,365
jaipur,1946,889.4,770.8,38.9,41,1,0,0,76.5,365
jaipur,1947,602.2,559.7,13.6,35,1,0,0,99.2,365
jaipur,1948,585.5,499.5,14.0,34,2,0,0,70.4,366
jaipur,1949,564.0,554.8,0.5,30,1,0,0,90.0,365
jaipur,1950,654.8,634.0,0.0,46,2,0,0,73.5,365
jaipur,1951,334.1,281.3,24.3,26,0,0,0,42.2,365
jaipur,1952,452.1,431.1,0.0,31,2,0,0,96.1,366
jaipur,1953,315.3,313.3,1.2,26,1,0,0,76.5,365
jaipur,1954,620.4,544.9,26.4,24,2,1,0,119.4,365
jaipur,1955,713.3,590.8,111.2,38,0,0,0,61.8,365
jaipur,1956,897.7,734.6,149.2,37,0,0,0,57.8,366
jaipur,1957,887.7,791.8,8.4,36,1,0,0,101.7,365
jaipur,1958,638.6,620.4,18.2,30,0,0,0,44.5,365
jaipur,1959,873.7,775.9,57.0,41,3,0,0,77.8,365
jaipur,1960,626.9,572.0,0.3,29,1,0,0,85.9,366
jaipur,1961,641.2,559.0,39.9,45,0,0,0,48.5,365
jaipur,1962,512.4,487.7,7.3,33,0,0,0,56.9,365
jaipur,1963,384.9,371.1,11.6,24,0,0,0,28.1,365
jaipur,1964,758.9,685.6,0.0,30,3,1,0,201.4,366
jaipur,1965,315.0,236.4,28.6,28,0,0,0,35.2,365
jaipur,1966,414.7,355.6,8.6,23,1,0,0,77.8,365
jaipur,1967,635.4,541.3,44.1,52,0,0,0,34.8,365
jaipur,1968,511.4,488.2,8.9,16,1,0,0,92.1,366
jaipur,1969,443.7,404.6,0.0,26,1,0,0,67.6,365
jaipur,1970,666.9,555.5,3.5,29,0,0,0,59.9,365
jaipur,1971,815.7,765.2,34.3,46,1,0,0,96.6,365
jaipur,1972,387.4,365.6,20.2,24,0,0,0,51.2,366
jaipur,1973,664.2,655.8,0.2,32,1,0,0,73.5,365
jaipur,1974,670.3,568.5,85.9,33,2,0,0,70.6,365
jaipur,1975,1001.8,933.3,58.5,53,1,0,0,78.1,365
jaipur,1976,603.3,510.7,1.1,41,1,0,0,71.3,366
jaipur,1977,1177.8,1097.1,12.8,45,3,0,0,109.9,365
jaipur,1978,932.8,906.2,4.6,43,2,0,0,86.5,365
jaipur,1979,446.9,337.9,1.0,21,1,1,0,125.3,365
jaipur,1980,477.5,461.5,15.7,20,1,0,0,65.5,366
jaipur,1981,914.1,890.6,2.6,25,4,2,1,275.1,365
jaipur,1982,670.1,526.2,54.8,36,1,0,0,113.5,365
jaipur,1983,880.7,684.5,8.8,44,2,0,0,90.6,365
jaipur,1984,486.8,486.7,0.0,26,0,0,0,57.1,366
jaipur,1985,781.0,596.0,161.2,32,2,1,0,118.0,365
jaipur,1986,547.2,398.8,2.1,34,0,0,0,51.3,365
jaipur,1987,372.4,287.3,16.6,21,0,0,0,50.6,365
jaipur,1988,544.6,537.9,0.0,31,0,0,0,45.3,366
jaipur,1989,667.0,639.1,0.0,26,3,1,0,126.7,365
jaipur,1990,705.9,613.3,9.6,44,1,0,0,88.1,365
jaipur,1991,552.4,523.7,27.9,28,1,0,0,72.6,365
jaipur,1992,908.1,846.4,10.4,40,2,1,0,140.1,366
jaipur,1993,891.2,844.5,0.0,34,1,1,0,165.6,365
jaipur,1994,752.7,690.3,0.0,41,0,0,0,49.0,365
jaipur,1995,999.1,954.3,0.0,43,5,1,0,147.3,365
jaipur,1996,924.6,892.2,23.3,37,2,0,0,87.8,366
jaipur,1997,758.2,525.9,195.7,43,2,0,0,72.5,365
jaipur,1998,716.8,683.7,11.7,32,3,0,0,91.0,365
jaipur,1999,412.8,378.6,16.5,24,1,0,0,69.5,365
jaipur,2000,314.3,298.6,0.0,25,0,0,0,34.4,366
jaipur,2001,428.6,354.7,10.0,31,0,0,0,45.8,365
jaipur,2002,235.7,183.2,19.0,15,1,0,0,84.6,365
jaipur,2003,670.8,617.1,14.3,43,2,0,0,98.5,365
jaipur,2004,777.9,629.4,110.8,36,3,0,0,81.2,366
jaipur,2005,492.1,485.5,0.0,23,2,0,0,83.7,365
jaipur,2006,371.2,349.0,2.7,29,1,0,0,70.9,365
jaipur,2007,537.0,447.1,0.0,38,0,0,0,62.2,365
jaipur,2008,560.8,497.7,0.0,45,0,0,0,59.8,366
jaipur,2009,294.9,275.2,19.7,30,0,0,0,22.0,365
jaipur,2010,748.6,672.4,66.6,48,1,0,0,99.8,365
jaipur,2011,591.9,550.1,0.0,41,0,0,0,63.4,365
jaipur,2012,760.9,741.2,0.6,38,1,1,0,165.3,366
jaipur,2013,835.4,798.8,12.5,45,2,0,0,87.5,365
jaipur,2014,675.7,574.0,26.8,38,0,0,0,59.5,365
jaipur,2015,445.9,350.6,11.6,29,1,0,0,68.0,365
jaipur,2016,522.8,461.4,31.4,33,0,0,0,57.2,366
jaipur,2017,416.8,363.8,7.5,29,1,0,0,75.0,365
jaipur,2018,428.6,417.4,1.1,29,1,0,0,64.5,365
jaipur,2019,667.8,601.1,17.1,36,0,0,0,61.1,365
jaipur,2020,686.3,645.1,10.7,35,1,1,0,158.8,366
jaipur,2021,610.0,460.7,38.5,31,1,0,0,65.5,365
jaipur,2022,550.5,475.7,36.7,43,0,0,0,41.1,365
jaipur,2023,293.2,203.6,0.1,35,0,0,0,18.8,365
jaipur,2024,510.0,489.8,6.8,38,0,0,0,45.3,366
jaipur,2025,786.4,720.6,47.2,48,0,0,0,58.9,365
kanpur,1901,706.1,615.0,6.7,42,1,0,0,74.4,365
kanpur,1902,526.7,516.4,0.0,38,0,0,0,51.3,365
kanpur,1903,813.3,521.7,284.7,44,0,0,0,63.3,365
kanpur,1904,1385.6,1299.2,55.2,52,4,1,0,124.7,366
kanpur,1905,454.6,390.0,0.2,29,0,0,0,53.5,365
kanpur,1906,716.2,665.4,0.3,48,1,0,0,70.5,365
kanpur,1907,479.2,407.0,0.0,35,0,0,0,54.1,365
kanpur,1908,524.8,500.0,0.2,36,0,0,0,39.0,366
kanpur,1909,714.3,628.3,12.9,49,0,0,0,63.3,365
kanpur,1910,698.2,660.4,22.3,40,0,0,0,50.6,365
kanpur,1911,745.5,588.2,103.7,43,4,0,0,73.7,365
kanpur,1912,653.6,584.9,33.0,41,0,0,0,46.3,366
kanpur,1913,521.5,425.8,3.1,36,0,0,0,53.8,365
kanpur,1914,729.0,667.3,0.9,44,2,0,0,89.7,365
kanpur,1915,1672.2,1528.5,53.1,61,5,3,2,287.3,365
kanpur,1916,1002.6,919.5,61.2,65,2,0,0,76.3,366
kanpur,1917,1103.8,957.2,59.2,62,1,0,0,64.6,365
kanpur,1918,361.5,352.5,0.2,23,0,0,0,62.1,365
kanpur,1919,789.5,711.7,40.8,46,3,0,0,84.5,365
kanpur,1920,634.0,581.6,0.0,36,1,0,0,104.0,366
kanpur,1921,1028.9,970.1,3.8,49,4,0,0,107.3,365
kanpur,1922,1075.2,1002.3,25.8,57,2,0,0,88.4,365
kanpur,1923,1089.2,971.7,91.5,47,6,0,0,106.7,365
kanpur,1924,967.1,923.9,24.1,50,2,0,0,106.8,366
kanpur,1925,1132.1,1081.8,22.6,50,5,0,0,107.9,365
kanpur,1926,875.2,770.0,9.8,46,0,0,0,61.1,365
kanpur,1927,913.6,657.9,210.0,48,3,1,0,122.4,365
kanpur,1928,599.6,343.9,103.5,44,0,0,0,54.2,366
kanpur,1929,795.0,702.3,52.5,40,2,0,0,96.5,365
kanpur,1930,762.7,651.1,77.3,51,1,0,0,84.2,365
kanpur,1931,915.4,879.2,21.7,49,1,0,0,81.2,365
kanpur,1932,483.0,476.4,0.9,34,0,0,0,54.6,366
kanpur,1933,646.9,498.1,92.1,44,0,0,0,59.3,365
kanpur,1934,961.5,888.9,4.4,48,1,0,0,64.9,365
kanpur,1935,556.7,468.2,28.6,44,0,0,0,46.5,365
kanpur,1936,1213.2,1142.9,36.6,69,1,0,0,78.7,366
kanpur,1937,395.6,360.4,4.8,37,0,0,0,35.1,365
kanpur,1938,1537.2,1424.0,56.5,44,7,3,1,209.5,365
kanpur,1939,662.6,638.6,0.0,41,0,0,0,61.2,365
kanpur,1940,613.5,507.9,27.8,41,1,0,0,66.8,366
kanpur,1941,536.9,484.3,0.0,35,0,0,0,57.7,365
kanpur,1942,1045.1,920.9,0.6,54,4,1,0,132.7,365
kanpur,1943,931.4,897.1,14.4,55,1,0,0,74.0,365
kanpur,1944,1037.0,930.7,8.9,52,4,0,0,99.5,366
kanpur,1945,577.6,519.5,22.9,40,0,0,0,38.0,365
kanpur,1946,536.4,456.8,48.8,40,0,0,0,48.0,365
kanpur,1947,821.3,759.9,5.5,43,3,0,0,108.6,365
kanpur,1948,895.4,795.9,13.9,60,1,0,0,95.5,366
kanpur,1949,1070.9,912.1,113.1,59,2,0,0,74.6,365
kanpur,1950,793.8,677.3,65.2,49,1,0,0,100.9,365
kanpur,1951,519.0,430.4,4.2,39,0,0,0,44.9,365
kanpur,1952,733.5,671.6,18.7,38,1,0,0,88.3,366
kanpur,1953,1017.7,962.6,0.0,48,2,0,0,111.2,365
kanpur,1954,948.8,779.4,49.8,49,2,0,0,76.0,365
kanpur,1955,1189.4,991.0,170.8,60,4,0,0,80.2,365
kanpur,1956,884.3,672.4,185.2,55,1,0,0,77.0,366
kanpur,1957,639.4,550.2,15.3,43,1,0,0,70.9,365
kanpur,1958,724.0,622.8,88.0,51,1,0,0,87.1,365
kanpur,1959,572.2,479.9,9.8,34,0,0,0,64.3,365
kanpur,1960,1005.7,714.2,269.9,48,2,0,0,83.7,366
kanpur,1961,1218.8,854.3,303.9,55,5,2,0,130.0,365
kanpur,1962,866.8,765.8,24.9,55,3,0,0,93.4,365
kanpur,1963,555.5,487.6,1.2,45,0,0,0,49.7,365
kanpur,1964,790.3,749.2,20.3,42,2,0,0,101.9,366
kanpur,1965,759.4,512.0,211.2,34,3,1,0,121.9,365
kanpur,1966,795.3,762.8,28.9,36,3,0,0,105.3,365
kanpur,1967,861.5,763.9,71.2,52,1,0,0,93.7,365
kanpur,1968,711.9,689.8,2.1,38,1,0,0,76.2,366
kanpur,1969,690.7,618.9,3.4,44,0,0,0,57.8,365
kanpur,1970,959.2,847.9,5.0,51,2,1,0,168.1,365
kanpur,1971,1173.1,1019.9,99.4,71,3,0,0,81.6,365
kanpur,1972,766.9,714.4,38.4,41,0,0,0,59.7,366
kanpur,1973,780.2,674.4,33.1,43,2,0,0,78.6,365
kanpur,1974,466.2,404.8,59.0,39,0,0,0,45.1,365
kanpur,1975,1201.1,1098.4,77.8,63,5,1,0,119.7,365
kanpur,1976,609.9,606.4,0.2,43,0,0,0,56.0,366
kanpur,1977,790.0,728.5,12.8,57,0,0,0,61.9,365
kanpur,1978,1245.7,1146.9,5.8,66,3,0,0,101.5,365
kanpur,1979,550.2,379.7,64.7,40,0,0,0,41.7,365
kanpur,1980,1659.8,1597.3,32.4,64,6,0,0,107.6,366
kanpur,1981,815.6,764.9,15.0,39,2,0,0,100.8,365
kanpur,1982,1301.5,1124.5,40.6,59,3,1,1,252.8,365
kanpur,1983,1143.8,947.5,111.0,68,2,0,0,92.2,365
kanpur,1984,794.0,691.4,17.1,55,0,0,0,50.6,366
kanpur,1985,1404.0,960.1,412.7,62,5,1,0,126.3,365
kanpur,1986,608.3,541.5,18.4,39,1,0,0,69.2,365
kanpur,1987,538.6,383.1,102.1,30,1,0,0,78.7,365
kanpur,1988,900.2,757.3,98.6,46,2,0,0,94.0,366
kanpur,1989,505.0,459.9,4.2,34,0,0,0,61.0,365
kanpur,1990,722.7,655.5,9.5,46,1,0,0,73.3,365
kanpur,1991,767.2,684.9,44.1,40,2,0,0,107.7,365
kanpur,1992,702.1,591.5,93.7,41,1,0,0,69.4,366
kanpur,1993,525.4,409.0,12.8,40,0,0,0,42.4,365
kanpur,1994,601.6,553.2,0.0,37,1,0,0,85.7,365
kanpur,1995,510.0,496.0,0.2,40,1,0,0,80.8,365
kanpur,1996,578.4,506.6,17.6,38,1,0,0,82.5,366
kanpur,1997,267.3,241.5,0.0,18,0,0,0,51.5,365
kanpur,1998,108.4,79.7,0.0,5,0,0,0,46.4,365
kanpur,1999,477.6,433.9,32.0,36,0,0,0,38.9,365
kanpur,2000,268.7,243.5,20.9,33,0,0,0,27.2,366
kanpur,2001,806.0,726.1,49.5,44,1,0,0,76.9,365
kanpur,2002,572.0,506.9,5.3,33,2,0,0,72.8,365
kanpur,2003,787.0,712.2,29.5,50,1,0,0,68.8,365
kanpur,2004,487.9,420.7,15.9,33,0,0,0,58.4,366
kanpur,2005,359.4,339.2,3.7,27,0,0,0,50.7,365
kanpur,2006,164.1,117.8,22.8,19,0,0,0,25.2,365
kanpur,2007,569.0,474.0,0.1,35,0,0,0,59.4,365
kanpur,2008,1015.1,992.6,0.0,48,3,1,0,144.0,366
kanpur,2009,519.6,377.3,137.5,29,1,0,0,105.1,365
kanpur,2010,706.3,606.4,33.1,44,1,0,0,68.5,365
kanpur,2011,817.9,804.8,0.0,48,2,0,0,96.3,365
kanpur,2012,721.2,657.4,0.0,42,2,1,0,134.6,366
kanpur,2013,1183.1,918.9,127.3,66,3,1,0,124.4,365
kanpur,2014,664.6,440.9,84.5,44,0,0,0,47.6,365
kanpur,2015,521.8,300.6,32.5,31,1,0,0,72.2,365
kanpur,2016,647.4,540.1,29.7,48,0,0,0,54.7,366
kanpur,2017,660.0,595.8,0.1,40,2,0,0,112.8,365
kanpur,2018,878.2,837.3,0.0,37,1,1,0,146.1,365
kanpur,2019,990.1,897.0,43.2,61,2,0,0,93.0,365
kanpur,2020,1158.6,938.5,22.2,60,2,0,0,111.8,366
kanpur,2021,978.4,818.1,117.8,46,4,0,0,93.1,365
kanpur,2022,944.1,684.3,201.3,49,2,0,0,95.7,365
kanpur,2023,725.9,583.2,27.1,45,2,0,0,89.4,365
kanpur,2024,814.9,746.1,6.2,50,1,0,0,94.9,366
kanpur,2025,1064.5,934.1,82.5,60,1,0,0,72.7,365
kolkata,1901,1525.1,1133.3,118.7,94,2,1,0,191.9,365
kolkata,1902,1440.0,980.9,64.7,95,0,0,0,57.2,365
kolkata,1903,1433.8,1014.1,173.2,95,1,0,0,112.0,365
kolkata,1904,1454.9,1163.3,26.0,88,2,0,0,96.0,366
kolkata,1905,1706.8,1079.6,136.1,102,3,1,0,191.4,365
kolkata,1906,1423.7,876.9,148.9,98,1,0,0,78.2,365
kolkata,1907,1386.3,1018.4,54.2,93,2,1,0,117.1,365
kolkata,1908,1602.0,1458.5,9.0,96,4,3,0,178.0,366
kolkata,1909,1644.3,1241.1,139.4,100,1,0,0,101.6,365
kolkata,1910,1343.8,954.7,178.2,107,2,0,0,69.0,365
kolkata,1911,1016.3,730.6,88.3,96,0,0,0,48.1,365
kolkata,1912,1294.8,747.7,180.9,102,1,0,0,66.2,366
kolkata,1913,1827.2,1257.2,138.7,118,3,0,0,87.0,365
kolkata,1914,1297.4,901.3,42.5,94,1,0,0,100.5,365
kolkata,1915,1173.3,822.7,91.8,101,0,0,0,58.4,365
kolkata,1916,1372.6,987.9,284.8,101,1,0,0,91.9,366
kolkata,1917,1423.1,953.2,252.6,128,0,0,0,54.4,365
kolkata,1918,1269.2,891.8,5.4,91,1,0,0,72.7,365
kolkata,1919,1280.8,994.9,55.4,98,1,0,0,95.5,365
kolkata,1920,1233.8,841.2,103.7,83,2,0,0,114.1,366
kolkata,1921,1099.5,946.3,16.1,95,1,0,0,69.9,365
kolkata,1922,1541.0,1345.2,79.6,102,4,1,0,138.6,365
kolkata,1923,1193.6,947.4,88.0,99,1,0,0,88.1,365
kolkata,1924,1028.5,817.1,81.9,93,0,0,0,43.0,366
kolkata,1925,1109.2,685.2,180.3,95,2,0,0,65.9,365
kolkata,1926,1894.1,1479.0,90.6,110,3,0,0,109.9,365
kolkata,1927,1141.5,851.2,35.1,100,0,0,0,53.8,365
kolkata,1928,1780.5,1480.1,95.8,122,1,0,0,84.9,366
kolkata,1929,1428.1,948.5,268.7,110,1,0,0,74.8,365
kolkata,1930,1519.2,1287.2,70.3,95,4,0,0,87.4,365
kolkata,1931,1687.5,1134.0,248.4,106,0,0,0,54.3,365
kolkata,1932,1608.9,1077.4,205.3,97,2,1,0,142.0,366
kolkata,1933,2150.9,1524.1,228.2,129,4,1,0,154.8,365
kolkata,1934,1239.8,881.7,186.7,114,0,0,0,45.7,365
kolkata,1935,886.9,716.2,23.3,86,0,0,0,47.5,365
kolkata,1936,1444.6,1042.5,62.5,118,0,0,0,49.9,366
kolkata,1937,1813.9,1300.3,158.5,122,3,0,0,89.2,365
kolkata,1938,1511.0,924.7,150.2,100,2,0,0,87.1,365
kolkata,1939,2247.1,1783.0,321.7,128,3,0,0,93.7,365
kolkata,1940,1549.5,1192.8,57.9,106,1,0,0,66.2,366
kolkata,1941,2445.9,1882.6,385.8,126,8,0,0,99.0,365
kolkata,1942,1451.5,1208.9,140.3,98,2,0,0,86.0,365
kolkata,1943,1631.4,1205.8,109.1,114,2,0,0,78.3,365
kolkata,1944,1738.2,1381.4,57.2,93,4,1,0,134.9,366
kolkata,1945,1273.0,671.9,245.6,96,3,0,0,80.3,365
kolkata,1946,2014.4,1484.2,206.1,131,4,0,0,77.4,365
kolkata,1947,1676.9,1285.8,148.3,113,3,0,0,115.5,365
kolkata,1948,1846.0,1185.3,256.5,124,1,0,0,65.5,366
kolkata,1949,2016.0,1213.6,149.6,121,3,1,0,179.1,365
kolkata,1950,1808.2,1145.0,429.1,113,1,0,0,94.2,365
kolkata,1951,1565.1,1226.4,162.6,103,1,0,0,70.5,365
kolkata,1952,1509.5,1109.1,169.0,110,0,0,0,60.8,366
kolkata,1953,1389.6,1209.4,52.3,99,1,0,0,68.5,365
kolkata,1954,1294.7,970.8,104.4,104,1,0,0,68.2,365
kolkata,1955,1363.8,940.6,321.4,95,0,0,0,49.3,365
kolkata,1956,1978.1,1562.2,217.5,119,4,2,0,175.5,366
kolkata,1957,1223.2,1017.4,73.9,88,3,0,0,82.7,365
kolkata,1958,1212.6,940.8,108.0,102,1,0,0,65.7,365
kolkata,1959,2281.4,1619.0,403.4,119,4,2,0,161.0,365
kolkata,1960,1571.8,1355.9,75.7,105,3,0,0,86.4,366
kolkata,1961,1415.6,1050.5,128.0,105,3,0,0,89.5,365
kolkata,1962,3741.1,3020.4,333.2,154,11,1,0,117.8,365
kolkata,1963,1680.9,1298.1,130.9,109,2,0,0,83.6,365
kolkata,1964,1511.4,1105.1,157.5,96,2,0,0,70.2,366
kolkata,1965,1597.2,1327.1,97.3,87,3,0,0,113.9,365
kolkata,1966,1127.5,937.5,126.9,85,1,0,0,70.7,365
kolkata,1967,1541.9,1098.0,129.6,88,2,0,0,102.0,365
kolkata,1968,1991.2,1704.0,162.0,90,5,1,0,130.7,366
kolkata,1969,1586.7,1269.8,78.2,95,1,0,0,86.5,365
kolkata,1970,2043.7,1550.5,323.7,95,7,2,0,129.9,365
kolkata,1971,2414.1,1743.8,251.6,118,4,0,0,93.8,365
kolkata,1972,1275.3,1090.7,79.1,71,1,0,0,86.9,366
kolkata,1973,1774.0,1163.3,289.9,111,3,0,0,76.6,365
kolkata,1974,1622.8,1041.2,258.7,88,5,0,0,86.5,365
kolkata,1975,1583.7,1196.0,257.1,100,1,0,0,68.2,365
kolkata,1976,1487.3,1092.5,19.8,93,3,0,0,100.6,366
kolkata,1977,2007.6,1539.6,129.8,102,4,1,0,130.0,365
kolkata,1978,2166.8,1666.7,161.1,108,5,2,1,326.2,365
kolkata,1979,1176.6,920.0,132.6,81,1,0,0,88.2,365
kolkata,1980,1646.1,1233.0,109.4,109,2,0,0,94.4,366
kolkata,1981,1881.9,1097.2,137.8,109,2,1,0,125.5,365
kolkata,1982,1120.0,855.9,32.7,80,0,0,0,51.9,365
kolkata,1983,1599.4,1091.4,174.5,108,1,0,0,78.8,365
kolkata,1984,2272.4,1942.0,121.2,110,5,4,1,267.2,366
kolkata,1985,1518.7,1206.8,139.7,99,1,0,0,76.6,365
kolkata,1986,2237.7,1588.7,422.5,103,6,3,1,242.3,365
kolkata,1987,1780.2,1428.8,108.5,94,5,2,0,138.6,365
kolkata,1988,1949.8,1540.3,198.7,94,5,2,0,179.9,366
kolkata,1989,1525.1,1125.1,253.2,91,1,0,0,68.8,365
kolkata,1990,2204.5,1599.7,152.0,126,4,0,0,82.2,365
kolkata,1991,1670.6,1332.5,191.2,103,2,0,0,98.8,365
kolkata,1992,1683.2,1346.9,63.3,91,2,1,0,159.6,366
kolkata,1993,1956.4,1466.8,183.7,110,3,0,0,92.6,365
kolkata,1994,1555.6,1157.3,130.5,112,0,0,0,50.2,365
kolkata,1995,2065.2,1484.1,312.5,95,7,0,0,104.4,365
kolkata,1996,1671.2,1322.5,222.4,100,4,0,0,112.1,366
kolkata,1997,1845.5,1411.8,67.2,115,1,0,0,66.0,365
kolkata,1998,1900.4,1066.6,364.4,120,2,0,0,82.5,365
kolkata,1999,2273.1,1741.6,333.0,104,4,1,0,151.6,365
kolkata,2000,1483.9,973.0,115.5,104,0,0,0,61.6,366
kolkata,2001,1670.0,1124.9,238.5,120,1,0,0,65.6,365
kolkata,2002,1891.0,1434.2,202.0,105,4,1,0,142.9,365
kolkata,2003,1804.9,1087.9,438.8,114,2,1,0,158.6,365
kolkata,2004,1492.7,1054.5,287.4,92,1,1,0,118.8,366
kolkata,2005,1945.6,1145.8,470.1,94,5,0,0,86.0,365
kolkata,2006,1505.8,1197.8,141.6,97,2,0,0,77.9,365
kolkata,2007,1364.8,1038.9,89.4,75,6,0,0,103.0,365
kolkata,2008,1354.1,1036.1,139.1,70,3,0,0,71.6,366
kolkata,2009,922.5,647.3,74.6,43,1,0,0,104.2,365
kolkata,2010,998.6,703.4,108.7,69,1,0,0,67.4,365
kolkata,2011,1186.7,955.7,3.3,66,1,0,0,65.0,365
kolkata,2012,384.6,209.2,48.7,37,0,0,0,57.8,366
kolkata,2013,1818.9,1139.9,460.6,94,3,0,0,92.0,365
kolkata,2014,1298.7,1073.1,12.2,70,4,0,0,106.0,365
kolkata,2015,2153.1,1886.7,21.1,87,6,1,0,186.1,365
kolkata,2016,922.7,863.3,50.9,53,2,1,0,134.6,366
kolkata,2017,1946.1,1428.9,429.4,67,8,2,0,177.7,365
kolkata,2018,1172.7,873.2,96.9,69,2,0,0,84.1,365
kolkata,2019,1459.3,751.7,303.4,63,2,1,0,130.0,365
kolkata,2020,1940.4,1398.7,46.9,89,8,1,0,166.4,366
kolkata,2021,1677.8,1057.6,268.2,89,2,0,0,92.8,365
kolkata,2022,1069.2,675.5,83.6,61,0,0,0,61.8,365
kolkata,2023,1518.1,1094.5,238.6,78,2,0,0,72.5,365
kolkata,2024,1711.3,1183.2,101.4,77,5,0,0,110.3,366
kolkata,2025,1309.9,887.8,146.9,77,2,0,0,107.0,365
lucknow,1901,827.5,703.8,6.9,51,1,0,0,94.0,365
lucknow,1902,742.3,713.6,0.9,48,1,0,0,65.3,365
lucknow,1903,1210.0,792.2,396.8,52,4,0,0,99.3,365
lucknow,1904,800.1,700.2,84.0,53,1,0,0,95.9,366
lucknow,1905,775.4,679.3,0.0,47,2,0,0,74.7,365
lucknow,1906,1284.3,1170.5,13.5,56,2,1,0,128.3,365
lucknow,1907,577.0,488.5,0.0,35,2,0,0,72.8,365
lucknow,1908,556.0,506.9,13.8,49,0,0,0,59.4,366
lucknow,1909,1270.3,1166.5,18.2,60,5,1,0,130.8,365
lucknow,1910,1168.8,989.7,116.2,66,3,0,0,86.0,365
lucknow,1911,1074.4,887.1,102.8,60,4,0,0,76.0,365
lucknow,1912,1035.9,958.5,35.5,52,2,1,0,121.3,366
lucknow,1913,794.9,615.3,8.7,50,2,0,0,92.8,365
lucknow,1914,1192.6,1089.4,0.4,54,3,0,0,97.2,365
lucknow,1915,1964.4,1759.8,69.7,75,8,2,0,150.9,365
lucknow,1916,1503.5,1408.8,38.0,75,2,0,0,80.3,366
lucknow,1917,1214.3,1091.2,43.4,82,1,0,0,84.4,365
lucknow,1918,609.8,586.2,1.2,43,0,0,0,46.9,365
lucknow,1919,894.9,776.3,68.3,59,2,0,0,101.8,365
lucknow,1920,705.8,645.7,2.4,54,0,0,0,53.2,366
lucknow,1921,1225.0,1143.0,10.3,65,4,1,0,122.1,365
lucknow,1922,1475.8,1417.4,13.7,75,5,3,0,127.5,365
lucknow,1923,1176.0,967.3,160.9,58,4,2,0,147.0,365
lucknow,1924,1060.5,1016.5,27.3,65,2,0,0,74.9,366
lucknow,1925,1227.8,1203.5,11.7,60,3,1,0,152.3,365
lucknow,1926,1057.0,912.0,32.8,60,2,0,0,105.7,365
lucknow,1927,835.8,631.1,169.4,55,1,0,0,70.7,365
lucknow,1928,737.0,552.3,47.6,52,1,0,0,77.0,366
lucknow,1929,922.7,786.8,84.7,57,3,0,0,108.2,365
lucknow,1930,1176.7,1091.5,41.6,54,2,0,0,101.1,365
lucknow,1931,822.2,735.3,42.4,57,2,0,0,95.9,365
lucknow,1932,471.1,450.9,12.2,40,0,0,0,38.2,366
lucknow,1933,770.3,491.7,145.3,63,0,0,0,53.6,365
lucknow,1934,1022.7,957.9,11.9,53,3,0,0,105.7,365
lucknow,1935,665.1,612.4,27.6,51,0,0,0,47.3,365
lucknow,1936,1615.7,1519.7,37.0,76,5,0,0,90.6,366
lucknow,1937,861.8,774.0,11.7,54,1,0,0,73.0,365
lucknow,1938,1324.5,1231.8,64.0,59,3,1,0,127.3,365
lucknow,1939,862.5,812.2,29.4,50,1,0,0,98.3,365
lucknow,1940,630.1,540.3,22.2,47,0,0,0,48.6,366
lucknow,1941,658.6,619.8,0.9,42,1,0,0,69.4,365
lucknow,1942,1029.4,903.2,3.4,66,1,1,0,119.3,365
lucknow,1943,1063.6,994.5,25.6,59,1,0,0,87.1,365
lucknow,1944,950.5,794.6,24.0,52,2,0,0,73.9,366
lucknow,1945,1056.5,966.3,55.4,52,0,0,0,62.1,365
lucknow,1946,882.3,651.5,160.5,52,1,0,0,74.9,365
lucknow,1947,1243.9,1169.5,12.5,54,3,2,0,164.2,365
lucknow,1948,1344.5,1216.7,66.8,76,1,0,0,74.0,366
lucknow,1949,1224.6,1011.1,152.1,58,2,0,0,90.7,365
lucknow,1950,735.6,591.4,70.4,54,0,0,0,42.0,365
lucknow,1951,582.0,469.0,24.2,46,0,0,0,47.7,365
lucknow,1952,1016.4,949.4,6.1,50,4,2,0,176.7,366
lucknow,1953,1315.1,1234.7,0.0,57,4,1,0,127.4,365
lucknow,1954,1094.9,921.4,55.8,62,1,0,0,72.5,365
lucknow,1955,1537.0,1381.8,116.7,67,5,1,0,128.8,365
lucknow,1956,1030.4,745.7,218.5,61,1,0,0,70.0,366
lucknow,1957,876.9,822.5,3.8,51,1,0,0,85.3,365
lucknow,1958,706.6,543.5,156.7,44,2,0,0,94.4,365
lucknow,1959,548.8,450.1,20.8,42,1,0,0,66.4,365
lucknow,1960,1316.2,1106.1,177.5,54,4,1,0,136.2,366
lucknow,1961,1086.9,693.8,367.7,57,2,1,1,283.5,365
lucknow,1962,1279.3,1163.1,0.1,61,5,0,0,111.5,365
lucknow,1963,656.4,584.0,12.1,57,0,0,0,42.5,365
lucknow,1964,906.8,772.0,62.9,55,0,0,0,50.2,366
lucknow,1965,442.8,371.5,55.5,25,0,0,0,61.9,365
lucknow,1966,781.6,738.9,31.3,44,1,1,0,132.7,365
lucknow,1967,1078.7,974.9,60.2,58,2,0,0,96.1,365
lucknow,1968,737.0,663.5,28.6,57,1,0,0,72.2,366
lucknow,1969,950.3,928.3,0.0,47,4,0,0,99.8,365
lucknow,1970,1414.9,1295.2,9.3,55,4,2,1,229.2,365
lucknow,1971,1288.9,1071.6,56.1,74,2,0,0,100.3,365
lucknow,1972,548.3,485.8,30.1,42,0,0,0,53.4,366
lucknow,1973,1093.4,932.1,113.3,62,4,0,0,99.2,365
lucknow,1974,588.4,533.9,34.2,43,0,0,0,46.8,365
lucknow,1975,1338.3,1244.7,17.4,55,6,2,0,159.1,365
lucknow,1976,634.2,631.3,2.9,47,1,0,0,67.4,366
lucknow,1977,764.7,703.7,18.7,51,0,0,0,59.9,365
lucknow,1978,1196.3,1078.4,7.5,65,3,0,0,86.8,365
lucknow,1979,584.2,452.3,39.3,39,0,0,0,43.1,365
lucknow,1980,1964.1,1910.3,35.1,72,8,2,1,228.8,366
lucknow,1981,1121.0,1045.1,21.3,47,2,1,0,143.6,365
lucknow,1982,1250.6,1063.0,53.2,59,2,1,1,228.9,365
lucknow,1983,1281.7,1110.1,96.5,66,1,0,0,82.1,365
lucknow,1984,794.8,747.8,20.6,46,1,0,0,114.0,366
lucknow,1985,1384.9,1095.6,251.1,64,2,1,0,133.0,365
lucknow,1986,759.2,632.0,64.2,39,3,0,0,94.8,365
lucknow,1987,657.0,451.9,164.0,31,2,0,0,85.3,365
lucknow,1988,1205.4,1021.5,123.4,55,4,0,0,90.9,366
lucknow,1989,641.4,590.9,31.2,60,0,0,0,37.8,365
lucknow,1990,855.3,772.3,31.4,61,2,0,0,82.0,365
lucknow,1991,944.2,878.0,36.5,45,4,0,0,94.5,365
lucknow,1992,700.3,561.1,102.1,49,0,0,0,55.3,366
lucknow,1993,541.3,499.7,0.0,38,1,0,0,110.8,365
lucknow,1994,534.6,486.1,0.0,48,0,0,0,58.3,365
lucknow,1995,689.4,657.0,1.0,45,1,0,0,83.8,365
lucknow,1996,1140.7,864.7,126.8,63,0,0,0,63.4,366
lucknow,1997,560.4,479.7,50.6,44,0,0,0,60.5,365
lucknow,1998,396.3,309.3,16.1,42,0,0,0,28.4,365
lucknow,1999,1053.0,881.9,122.2,56,2,1,0,134.0,365
lucknow,2000,899.1,834.5,23.3,55,0,0,0,47.9,366
lucknow,2001,897.5,763.8,68.1,60,1,0,0,73.4,365
lucknow,2002,781.7,640.5,3.2,32,4,1,0,145.1,365
lucknow,2003,1009.4,898.8,41.6,60,1,0,0,110.3,365
lucknow,2004,991.0,831.8,51.1,47,2,1,0,147.4,366
lucknow,2005,722.5,645.8,3.7,48,1,1,0,131.8,365
lucknow,2006,652.8,567.8,21.0,43,1,0,0,112.2,365
lucknow,2007,903.9,691.2,6.4,50,2,0,0,65.3,365
lucknow,2008,1776.7,1670.8,16.5,70,6,3,1,223.4,366
lucknow,2009,1163.5,877.1,227.6,48,4,3,0,197.6,365
lucknow,2010,679.3,592.2,22.4,48,0,0,0,59.5,365
lucknow,2011,1072.6,1016.7,9.0,53,4,1,0,133.5,365
lucknow,2012,999.1,893.2,0.0,43,2,0,0,77.0,366
lucknow,2013,834.7,693.0,28.2,54,0,0,0,46.9,365
lucknow,2014,672.4,515.7,67.5,44,1,1,0,146.4,365
lucknow,2015,473.0,355.6,10.6,36,2,0,0,65.6,365
lucknow,2016,734.7,660.1,31.5,46,0,0,0,50.3,366
lucknow,2017,708.8,684.0,0.0,39,1,0,0,85.3,365
lucknow,2018,1060.6,1024.9,0.0,47,2,0,0,86.3,365
lucknow,2019,1303.3,1231.5,31.7,55,5,0,0,98.5,365
lucknow,2020,766.5,599.5,13.1,55,0,0,0,62.1,366
lucknow,2021,1011.4,867.6,86.4,67,2,0,0,100.0,365
lucknow,2022,1073.0,782.6,244.1,52,2,1,0,155.6,365
lucknow,2023,1329.5,1207.7,23.9,57,4,0,0,92.9,365
lucknow,2024,854.7,790.7,6.2,53,0,0,0,55.9,366
lucknow,2025,933.6,818.2,60.0,60,2,0,0,70.3,365
mumbai,1901,3036.9,2951.8,56.3,97,14,4,0,128.0,365
mumbai,1902,2538.5,2414.6,122.7,84,9,3,1,281.2,365
mumbai,1903,2872.0,2510.2,127.0,99,10,4,0,152.2,365
mumbai,1904,2183.6,2087.9,95.3,95,8,4,1,233.6,366
mumbai,1905,1663.4,1649.8,13.6,66,5,2,1,241.5,365
mumbai,1906,2564.8,2555.7,7.6,93,12,5,0,180.7,365
mumbai,1907,2708.2,2667.5,38.7,76,16,6,0,162.5,365
mumbai,1908,2789.2,2770.4,7.2,91,12,1,0,194.2,366
mumbai,1909,2962.2,2956.7,5.5,101,15,1,0,161.9,365
mumbai,1910,2314.5,2168.5,145.6,81,9,4,0,155.6,365
mumbai,1911,2366.8,2339.6,22.3,81,12,4,0,163.7,365
mumbai,1912,2719.1,2501.9,204.3,87,10,2,1,334.6,366
mumbai,1913,3385.6,3320.8,64.4,88,15,7,2,223.5,365
mumbai,1914,3325.7,3289.7,35.8,103,17,6,0,160.2,365
mumbai,1915,2262.4,2091.2,147.1,75,11,3,0,162.3,365
mumbai,1916,2851.9,2545.0,300.4,118,8,3,0,153.5,366
mumbai,1917,3914.9,3270.2,605.8,126,16,4,1,235.6,365
mumbai,1918,1236.2,1056.5,0.0,64,2,1,0,120.8,365
mumbai,1919,3465.0,3390.9,73.6,99,10,5,4,319.4,365
mumbai,1920,1973.8,1939.4,9.3,95,4,2,0,199.9,366
mumbai,1921,2946.4,2926.5,20.0,93,10,5,1,321.2,365
mumbai,1922,2799.0,2667.8,112.6,105,12,6,0,167.2,365
mumbai,1923,2399.5,2396.2,0.0,76,6,4,2,214.2,365
mumbai,1924,2251.3,2239.4,11.9,94,6,2,1,222.8,366
mumbai,1925,2072.6,1913.2,66.8,98,9,0,0,101.8,365
mumbai,1926,3844.8,3776.6,19.9,88,20,8,1,332.0,365
mumbai,1927,2476.8,2128.7,348.1,110,9,1,0,147.6,365
mumbai,1928,2872.1,2842.7,28.1,94,13,6,0,186.0,366
mumbai,1929,2101.1,1995.8,104.8,93,5,0,0,102.9,365
mumbai,1930,2532.9,2448.0,84.9,87,11,3,0,146.7,365
mumbai,1931,3346.9,3037.9,308.3,103,13,3,0,191.7,365
mumbai,1932,3327.9,2855.8,463.6,92,18,4,0,143.8,366
mumbai,1933,2938.7,2757.4,134.1,86,10,4,1,223.3,365
mumbai,1934,3154.4,3063.8,90.6,103,12,4,1,295.7,365
mumbai,1935,2460.4,2397.3,63.1,92,11,2,0,158.2,365
mumbai,1936,2573.3,2520.4,53.0,97,9,4,0,156.9,366
mumbai,1937,3039.1,2997.1,28.4,99,11,3,0,167.1,365
mumbai,1938,2994.0,2583.4,393.2,105,12,3,0,194.3,365
mumbai,1939,2197.1,2170.1,26.7,72,7,4,1,252.0,365
mumbai,1940,3430.2,3219.7,193.7,97,17,4,0,199.0,366
mumbai,1941,1775.8,1722.6,52.0,70,5,4,1,212.3,365
mumbai,1942,3093.3,3092.9,0.4,88,15,8,0,196.4,365
mumbai,1943,3504.3,3107.6,237.7,113,16,2,1,317.3,365
mumbai,1944,3553.6,3410.1,141.0,87,18,9,0,202.6,366
mumbai,1945,3257.8,3233.5,12.1,92,16,5,2,237.2,365
mumbai,1946,3315.2,3107.7,196.1,107,15,4,1,235.2,365
mumbai,1947,3263.3,3173.5,19.7,86,19,5,0,193.7,365
mumbai,1948,2831.3,2555.4,262.9,93,13,4,0,172.0,366
mumbai,1949,3437.5,3220.6,165.0,111,13,6,1,219.2,365
mumbai,1950,2712.5,2617.3,95.3,78,13,5,1,267.3,365
mumbai,1951,2290.2,2087.5,193.9,89,8,3,0,149.3,365
mumbai,1952,2573.6,2451.1,122.5,84,13,5,0,149.8,366
mumbai,1953,3196.0,3106.6,77.8,87,16,8,1,275.6,365
mumbai,1954,4318.9,4250.1,65.7,102,22,9,2,375.3,365
mumbai,1955,3677.2,3473.6,203.3,106,15,3,0,196.4,365
mumbai,1956,4137.9,3746.1,193.0,113,21,9,1,229.9,366
mumbai,1957,2800.8,2726.3,35.5,81,16,3,1,239.7,365
mumbai,1958,3980.2,3963.7,13.1,91,22,12,1,236.6,365
mumbai,1959,3743.4,3435.2,280.9,100,18,5,0,201.6,365
mumbai,1960,3124.1,3011.2,112.9,85,15,5,3,237.1,366
mumbai,1961,3981.8,3623.6,356.6,103,16,10,1,231.9,365
mumbai,1962,1283.7,1150.5,99.3,61,3,0,0,100.7,365
mumbai,1963,3386.3,3349.0,37.2,90,17,6,0,182.3,365
mumbai,1964,2408.9,2346.0,59.4,78,12,5,0,148.6,366
mumbai,1965,2892.9,2890.6,2.3,78,12,3,2,249.4,365
mumbai,1966,2567.3,2549.8,17.4,76,7,4,2,326.2,365
mumbai,1967,2899.5,2805.7,93.8,97,12,3,1,224.0,365
mumbai,1968,2423.5,2277.6,145.9,99,12,2,0,160.9,366
mumbai,1969,2899.6,2899.6,0.0,88,11,3,0,187.7,365
mumbai,1970,3348.2,3207.6,140.6,91,16,5,0,177.8,365
mumbai,1971,3172.9,3059.6,86.4,87,16,5,2,217.8,365
mumbai,1972,1741.2,1718.8,22.4,64,7,2,0,175.7,366
mumbai,1973,2616.5,2486.3,130.2,97,8,2,0,176.7,365
mumbai,1974,2637.7,2355.7,233.0,97,10,4,0,186.3,365
mumbai,1975,3473.2,3291.9,181.3,107,15,4,2,237.2,365
mumbai,1976,3813.1,3758.7,54.4,109,15,5,1,245.5,366
mumbai,1977,3524.9,3391.4,133.5,109,15,3,0,153.8,365
mumbai,1978,2654.9,2454.0,177.7,106,9,4,0,151.5,365
mumbai,1979,2615.8,2517.1,98.7,77,15,4,0,170.7,365
mumbai,1980,2895.8,2790.7,105.1,93,14,6,0,171.7,366
mumbai,1981,2616.8,2542.0,74.8,92,9,4,1,227.1,365
mumbai,1982,2248.3,2165.0,71.8,79,10,2,0,147.1,365
mumbai,1983,3689.8,3458.8,221.0,98,18,5,0,200.9,365
mumbai,1984,2845.9,2744.5,101.4,91,11,5,2,313.4,366
mumbai,1985,2751.8,2610.5,140.8,92,15,6,0,160.1,365
mumbai,1986,2035.3,2009.4,25.8,68,11,2,0,167.8,365
mumbai,1987,2155.5,2106.5,49.0,77,5,1,1,312.5,365
mumbai,1988,3268.5,3223.1,45.4,99,14,6,1,215.4,366
mumbai,1989,2514.4,2418.8,93.6,91,9,3,1,242.2,365
mumbai,1990,4277.3,3993.3,198.1,104,21,8,2,221.0,365
mumbai,1991,2939.9,2894.8,39.0,83,14,4,3,296.4,365
mumbai,1992,2441.9,2354.5,87.3,76,11,4,0,202.5,366
mumbai,1993,3049.5,2813.8,235.6,90,14,2,0,141.4,365
mumbai,1994,3564.5,3411.4,137.3,101,16,5,1,207.5,365
mumbai,1995,2111.3,1966.4,144.8,79,12,2,0,130.7,365
mumbai,1996,2413.0,2214.8,198.2,91,6,3,1,210.2,366
mumbai,1997,2633.6,2385.1,248.5,82,11,5,1,214.2,365
mumbai,1998,2384.2,1936.9,447.3,92,7,2,1,213.0,365
mumbai,1999,2046.5,1803.2,204.9,89,7,1,0,147.8,365
mumbai,2000,2459.8,2253.9,38.9,79,10,3,1,288.8,366
mumbai,2001,2550.8,2416.2,116.4,99,10,3,1,272.0,365
mumbai,2002,1988.9,1985.1,3.8,68,8,1,0,187.4,365
mumbai,2003,3016.1,2920.5,3.1,92,13,4,1,308.8,365
mumbai,2004,2815.8,2761.8,6.7,80,12,4,1,213.5,366
mumbai,2005,2833.9,2786.5,46.4,84,10,5,1,423.4,365
mumbai,2006,3835.2,3620.1,167.4,95,20,7,2,308.6,365
mumbai,2007,3044.1,2824.2,0.1,93,15,6,1,239.4,365
mumbai,2008,2655.6,2601.4,46.5,82,11,4,1,262.5,366
mumbai,2009,2239.9,1937.2,296.3,76,7,4,0,172.5,365
mumbai,2010,3398.3,3242.1,156.2,97,13,5,0,160.8,365
mumbai,2011,3616.0,3493.4,122.7,98,18,4,1,307.7,365
mumbai,2012,2360.8,2186.4,174.4,89,9,2,0,161.0,366
mumbai,2013,3461.1,3406.8,44.9,110,16,5,1,256.0,365
mumbai,2014,2796.9,2721.6,71.3,91,13,4,0,137.2,365
mumbai,2015,2020.8,1834.4,164.6,77,10,2,0,151.2,365
mumbai,2016,3003.8,2935.4,57.5,90,13,4,0,192.0,366
mumbai,2017,3523.7,3370.4,152.5,95,20,5,1,252.7,365
mumbai,2018,2940.5,2861.0,79.3,87,11,6,0,179.0,365
mumbai,2019,4709.0,4502.7,206.2,99,26,10,5,268.9,365
mumbai,2020,3507.3,3262.3,241.9,92,16,4,3,300.6,366
mumbai,2021,3936.9,3535.4,270.4,106,15,8,1,280.7,365
mumbai,2022,3286.3,3015.3,271.0,91,15,6,0,171.8,365
mumbai,2023,3543.6,3499.1,28.1,89,20,5,1,288.1,365
mumbai,2024,3778.8,3635.6,142.9,100,20,6,0,154.7,366
mumbai,2025,3969.0,3431.9,93.1,113,17,6,3,240.5,365
pune,1901,2018.2,1806.7,99.2,120,2,0,0,102.6,365
pune,1902,1714.8,1457.9,215.5,107,1,0,0,77.0,365
pune,1903,1999.2,1716.7,111.6,111,5,0,0,78.8,365
pune,1904,1582.9,1386.6,164.4,107,1,0,0,71.2,366
pune,1905,1509.0,1310.8,152.2,90,3,1,0,152.3,365
pune,1906,1650.2,1572.9,48.2,98,4,0,0,70.3,365
pune,1907,2319.1,2144.0,11.2,97,9,1,0,131.4,365
pune,1908,2224.9,2163.1,34.3,106,5,0,0,73.0,366
pune,1909,1936.4,1860.5,53.8,104,0,0,0,61.9,365
pune,1910,2027.5,1809.5,192.9,97,5,0,0,114.8,365
pune,1911,1411.5,1278.8,99.6,96,0,0,0,57.5,365
pune,1912,2161.9,1806.1,300.2,97,6,2,0,140.3,366
pune,1913,1762.6,1620.4,77.3,98,4,0,0,95.3,365
pune,1914,2524.9,2434.3,77.2,104,7,2,0,143.2,365
pune,1915,2067.5,1830.1,155.6,97,5,1,0,133.5,365
pune,1916,1844.1,1533.8,259.8,125,1,0,0,65.7,366
pune,1917,1915.8,1605.3,270.9,133,0,0,0,55.1,365
pune,1918,1051.3,773.3,102.9,88,1,0,0,79.3,365
pune,1919,1974.2,1787.4,114.6,112,1,0,0,74.0,365
pune,1920,1727.8,1597.9,42.8,104,1,0,0,71.2,366
pune,1921,1793.7,1647.0,127.4,101,4,1,0,142.8,365
pune,1922,2181.9,1799.4,297.0,118,5,1,0,131.3,365
pune,1923,1741.6,1650.1,18.6,91,1,1,0,116.0,365
pune,1924,1597.1,1477.7,66.2,101,2,0,0,81.5,366
pune,1925,1509.1,1401.4,66.8,107,0,0,0,63.9,365
pune,1926,2095.9,2018.6,35.7,99,7,0,0,93.4,365
pune,1927,2338.8,2110.4,197.7,122,3,0,0,84.3,365
pune,1928,2708.5,2586.7,102.5,110,9,2,0,138.1,366
pune,1929,2429.7,2213.2,176.2,120,6,0,0,87.0,365
pune,1930,3087.1,2873.5,145.1,117,9,2,0,189.7,365
pune,1931,3578.4,2994.4,562.3,121,10,0,0,115.3,365
pune,1932,3092.6,2777.9,230.6,128,12,4,0,143.6,366
pune,1933,3771.6,3365.5,289.3,126,15,6,0,147.2,365
pune,1934,2386.5,2170.2,195.7,110,5,0,0,90.6,365
pune,1935,2431.8,2220.8,206.5,113,5,1,0,131.8,365
pune,1936,2548.6,2441.7,99.0,123,3,2,0,171.5,366
pune,1937,3491.6,3196.6,160.5,113,15,0,0,113.9,365
pune,1938,2731.6,2216.4,435.8,127,5,0,0,110.7,365
pune,1939,1774.9,1633.1,112.1,103,3,0,0,83.7,365
pune,1940,2183.7,1925.3,208.3,115,2,0,0,89.7,366
pune,1941,1543.5,1421.3,73.3,83,4,0,0,84.8,365
pune,1942,2206.0,2064.9,94.4,97,5,0,0,82.5,365
pune,1943,2165.5,1791.2,247.4,135,4,1,0,158.8,365
pune,1944,2336.7,2002.3,286.8,105,7,0,0,107.3,366
pune,1945,1956.6,1920.8,25.0,102,4,1,0,123.8,365
pune,1946,2657.5,2325.7,256.0,126,9,0,0,102.3,365
pune,1947,1773.1,1618.9,36.4,99,3,0,0,94.1,365
pune,1948,2001.5,1591.2,341.5,118,0,0,0,64.2,366
pune,1949,1703.1,1503.3,68.0,116,3,0,0,105.4,365
pune,1950,1794.2,1614.0,137.6,99,6,1,0,117.2,365
pune,1951,759.1,399.5,310.9,41,2,0,0,89.0,365
pune,1952,563.9,481.8,57.1,48,0,0,0,55.6,366
pune,1953,574.2,405.9,102.9,55,0,0,0,47.6,365
pune,1954,704.9,607.6,42.0,55,0,0,0,58.2,365
pune,1955,829.5,514.7,216.7,58,1,0,0,67.9,365
pune,1956,1201.5,742.1,382.3,72,2,0,0,105.3,366
pune,1957,556.9,365.0,99.4,45,0,0,0,58.3,365
pune,1958,802.5,617.3,86.8,52,2,1,0,127.5,365
pune,1959,894.9,672.8,109.4,70,0,0,0,48.2,365
pune,1960,729.0,589.3,31.7,63,0,0,0,49.6,366
pune,1961,952.5,651.6,116.8,55,1,1,0,125.3,365
pune,1962,2246.3,2048.1,88.1,96,6,1,0,165.4,365
pune,1963,734.6,579.6,87.7,51,0,0,0,51.9,365
pune,1964,643.0,549.7,77.6,48,0,0,0,56.5,366
pune,1965,495.7,396.3,20.3,40,0,0,0,39.0,365
pune,1966,446.6,340.4,41.3,39,0,0,0,48.5,365
pune,1967,783.8,608.8,106.6,47,2,1,0,119.0,365
pune,1968,431.8,350.9,75.3,38,0,0,0,36.7,366
pune,1969,664.0,644.1,15.7,44,2,0,0,86.6,365
pune,1970,475.1,309.9,124.2,47,0,0,0,35.2,365
pune,1971,483.1,428.6,27.7,34,1,0,0,110.9,365
pune,1972,365.6,293.1,15.0,26,0,0,0,36.8,366
pune,1973,706.6,602.2,76.9,56,2,0,0,88.3,365
pune,1974,716.2,454.4,191.5,56,0,0,0,52.6,365
pune,1975,762.6,634.5,86.3,57,0,0,0,57.9,365
pune,1976,1007.6,941.6,62.4,51,3,0,0,91.8,366
pune,1977,738.2,444.0,199.0,74,0,0,0,43.6,365
pune,1978,615.8,407.0,83.4,61,0,0,0,37.9,365
pune,1979,811.3,734.8,68.2,52,1,0,0,66.3,365
pune,1980,727.7,606.3,56.8,55,0,0,0,63.7,366
pune,1981,669.9,598.7,32.2,46,0,0,0,60.2,365
pune,1982,502.0,393.6,66.1,40,0,0,0,48.6,365
pune,1983,712.1,698.4,12.3,43,1,0,0,91.8,365
pune,1984,892.7,678.6,177.2,47,3,0,0,93.8,366
pune,1985,579.9,341.4,218.9,37,1,0,0,75.0,365
pune,1986,537.2,480.5,29.2,38,0,0,0,57.2,365
pune,1987,632.6,351.2,191.4,43,1,1,0,135.6,365
pune,1988,998.2,943.1,0.2,53,1,0,0,68.8,366
pune,1989,680.9,604.9,21.4,51,1,0,0,86.9,365
pune,1990,872.1,650.3,146.0,66,0,0,0,64.0,365
pune,1991,854.8,773.2,13.4,54,2,0,0,111.9,365
pune,1992,646.6,598.2,46.0,51,0,0,0,47.7,366
pune,1993,743.2,423.6,315.5,51,0,0,0,48.1,365
pune,1994,920.7,762.7,107.4,66,0,0,0,62.0,365
pune,1995,577.6,418.3,95.0,48,0,0,0,46.8,365
pune,1996,1093.3,890.7,197.6,63,1,0,0,89.5,366
pune,1997,1030.7,752.1,254.0,55,4,0,0,73.1,365
pune,1998,835.6,666.6,143.8,63,1,0,0,67.8,365
pune,1999,732.7,498.4,199.2,51,0,0,0,51.0,365
pune,2000,513.6,425.3,64.2,43,0,0,0,44.3,366
pune,2001,575.2,400.2,160.0,43,0,0,0,37.7,365
pune,2002,428.9,392.5,13.2,36,1,0,0,74.6,365
pune,2003,466.6,388.9,73.5,38,0,0,0,56.8,365
pune,2004,2749.1,2625.2,56.0,109,6,4,0,193.4,366
pune,2005,6765.6,6643.6,84.8,106,40,16,4,349.1,365
pune,2006,3693.0,3295.5,135.9,131,16,2,0,195.6,365
pune,2007,2320.0,2260.0,11.0,104,9,2,0,144.5,365
pune,2008,1089.3,722.5,107.2,58,3,0,0,106.8,366
pune,2009,3663.0,3199.6,435.1,109,13,2,0,165.4,365
pune,2010,1149.7,829.9,291.8,49,2,1,0,165.4,365
pune,2011,2265.4,2121.6,141.2,108,5,0,0,105.0,365
pune,2012,1697.1,1523.1,159.1,95,1,0,0,73.8,366
pune,2013,798.0,743.3,51.7,53,2,0,0,70.6,365
pune,2014,823.9,693.0,102.0,54,2,0,0,83.3,365
pune,2015,838.2,490.2,183.6,46,2,0,0,96.0,365
pune,2016,697.1,613.7,59.9,52,2,0,0,74.6,366
pune,2017,907.8,720.5,178.8,60,1,0,0,94.7,365
pune,2018,538.8,500.7,37.0,49,0,0,0,63.4,365
pune,2019,1483.0,1107.3,373.7,72,2,0,0,78.7,365
pune,2020,1152.1,792.7,326.8,71,1,1,0,116.4,366
pune,2021,877.2,492.6,227.5,62,2,0,0,76.4,365
pune,2022,1074.7,793.2,279.1,62,2,0,0,92.6,365
pune,2023,582.3,465.1,51.2,57,0,0,0,38.2,365
pune,2024,1300.4,1130.2,60.2,64,4,1,0,129.7,366
pune,2025,1217.9,888.9,70.8,72,1,0,0,95.2,365
pune_station,1901,727.3,550.6,62.4,54,0,0,0,60.5,365
pune_station,1902,606.8,445.6,156.4,44,0,0,0,48.3,365
pune_station,1903,543.3,387.6,88.3,44,0,0,0,34.8,365
pune_station,1904,337.6,230.2,94.4,25,0,0,0,39.6,354
pune_station,1905,638.0,487.6,107.4,35,2,0,0,114.3,365
pune_station,1906,575.5,513.0,49.1,34,1,0,0,97.0,365
pune_station,1907,1076.4,994.1,11.2,57,2,0,0,106.7,365
pune_station,1908,538.0,456.7,61.2,44,0,0,0,47.2,366
pune_station,1909,633.7,511.4,68.8,48,1,0,0,88.9,364
pune_station,1910,867.2,677.2,187.7,55,0,0,0,56.9,365
pune_station,1911,401.8,324.6,76.9,38,0,0,0,46.0,365
pune_station,1912,611.5,335.5,267.8,39,2,0,0,80.0,366
pune_station,1913,706.1,603.0,39.0,49,2,0,0,68.3,365
pune_station,1914,783.7,744.4,34.0,50,0,0,0,54.1,364
pune_station,1915,967.6,855.5,39.7,52,1,0,0,77.5,365
pune_station,1916,860.0,517.3,288.2,64,2,0,0,80.0,364
pune_station,1917,756.7,435.3,271.1,65,0,0,0,58.4,365
pune_station,1918,268.7,106.3,69.7,29,0,0,0,32.5,364
pune_station,1919,796.6,583.6,84.6,53,0,0,0,49.8,353
pune_station,1920,636.0,551.3,54.3,44,0,0,0,58.2,364
pune_station,1921,523.7,448.1,53.5,38,1,0,0,78.2,365
pune_station,1922,706.8,360.9,252.9,48,0,0,0,62.7,363
pune_station,1923,492.5,418.8,7.1,35,0,0,0,63.2,365
pune_station,1924,629.3,545.6,59.8,42,1,0,0,74.7,366
pune_station,1925,500.5,417.3,40.2,42,1,0,0,67.3,365
pune_station,1926,647.9,582.1,27.4,44,1,0,0,72.1,364
pune_station,1927,573.1,500.6,68.2,45,0,0,0,43.2,362
pune_station,1928,496.8,427.9,32.8,39,0,0,0,47.0,363
pune_station,1929,549.3,426.3,95.0,34,2,0,0,93.5,358
pune_station,1930,718.7,429.7,212.8,50,1,0,0,65.8,365
pune_station,1931,681.7,505.3,175.8,53,1,1,0,119.4,364
pune_station,1932,851.3,580.4,204.1,61,0,0,0,61.7,365
pune_station,1933,1004.4,711.3,111.5,63,0,0,0,64.0,365
pune_station,1934,545.3,365.3,167.5,41,1,0,0,96.8,364
pune_station,1935,591.5,449.4,141.6,45,1,0,0,74.4,365
pune_station,1936,466.4,353.9,98.3,37,0,0,0,50.5,364
pune_station,1937,761.6,608.0,91.1,52,1,0,0,68.3,353
pune_station,1938,941.0,684.5,216.5,57,2,1,0,132.3,365
pune_station,1939,456.3,364.1,88.6,37,0,0,0,32.5,365
pune_station,1940,658.6,487.8,113.0,55,1,0,0,89.9,364
pune_station,1941,517.2,463.6,42.4,29,1,0,0,74.4,364
pune_station,1942,745.6,647.5,75.0,39,0,0,0,59.4,365
pune_station,1943,898.7,555.9,249.6,49,4,0,0,105.9,365
pune_station,1944,710.2,570.5,133.0,52,0,0,0,59.7,365
pune_station,1945,572.4,513.7,14.2,45,1,0,0,71.1,361
pune_station,1946,772.0,543.5,161.4,62,1,0,0,72.4,365
pune_station,1947,638.1,545.9,32.5,47,1,0,0,77.2,365
pune_station,1948,834.2,460.2,333.6,53,1,0,0,73.7,365
pune_station,1949,531.0,417.5,40.4,45,0,0,0,54.1,365
pune_station,1950,662.8,506.7,71.8,50,0,0,0,46.2,365
pune_station,1951,694.6,330.0,326.4,39,1,0,0,73.2,365
pune_station,1952,564.9,474.9,55.9,43,1,0,0,68.3,366
pune_station,1953,566.3,407.4,92.8,55,0,0,0,50.3,365
pune_station,1954,713.4,618.0,44.4,54,0,0,0,55.6,365
pune_station,1955,831.0,528.2,200.8,54,1,0,0,71.9,365
pune_station,1956,1183.6,720.2,385.7,67,2,0,0,108.7,366
pune_station,1957,562.1,371.0,99.4,46,0,0,0,60.2,365
pune_station,1958,845.3,625.4,92.9,52,2,1,0,130.4,365
pune_station,1959,907.7,687.3,107.6,68,0,0,0,62.4,365
pune_station,1960,727.3,609.9,34.5,56,0,0,0,54.2,366
pune_station,1961,809.6,526.7,113.6,46,1,1,0,131.9,304
pune_station,1962,716.2,432.8,183.4,52,0,0,0,60.5,365
pune_station,1963,751.4,570.0,104.1,50,0,0,0,52.2,365
pune_station,1964,703.5,592.3,90.2,47,0,0,0,62.3,366
pune_station,1965,528.6,420.7,25.6,39,0,0,0,45.9,365
pune_station,1966,441.9,360.2,42.5,37,0,0,0,54.2,353
pune_station,1967,810.8,645.7,113.0,52,2,1,0,117.9,365
pune_station,1968,462.1,354.9,99.2,39,0,0,0,38.6,366
pune_station,1969,771.0,745.6,19.9,42,2,0,0,95.2,365
pune_station,1970,496.7,336.3,108.8,49,0,0,0,28.5,365
pune_station,1973,514.1,423.4,90.7,30,2,0,0,89.9,314
pune_station,1974,589.3,341.7,206.8,39,0,0,0,55.1,347
pune_station,1975,28.2,25.2,3.0,4,0,0,0,8.9,277
pune_station,1976,141.8,116.6,25.2,8,0,0,0,48.0,294
pune_station,1977,520.4,365.5,112.8,41,0,0,0,59.9,343
pune_station,1978,470.2,344.7,92.2,43,0,0,0,35.0,353
pune_station,1979,993.7,892.8,80.3,54,2,0,0,80.0,359
pune_station,1980,809.0,650.3,62.8,57,1,0,0,70.1,362
pune_station,1981,668.8,574.8,42.4,48,0,0,0,59.9,361
pune_station,1982,535.4,398.3,71.1,42,0,0,0,52.6,364
pune_station,1983,590.0,586.2,1.8,32,1,0,0,78.0,364
pune_station,1984,878.3,678.1,191.5,42,4,0,0,87.9,365
pune_station,1985,600.2,329.7,253.5,32,2,0,0,109.0,365
pune_station,1986,563.1,494.0,36.1,41,0,0,0,46.0,365
pune_station,1987,638.5,325.1,189.7,37,1,1,0,142.0,356
pune_station,1988,737.1,672.3,0.0,36,0,0,0,63.0,326
pune_station,1989,486.6,406.1,21.6,38,1,0,0,86.9,352
pune_station,1990,750.5,534.2,163.8,48,1,0,0,68.8,359
pune_station,1991,972.6,888.7,6.8,45,3,1,0,123.2,364
pune_station,1992,537.4,492.2,40.1,42,0,0,0,50.8,362
pune_station,1993,825.3,503.2,311.4,50,1,0,0,97.8,362
pune_station,1994,1005.3,741.7,128.0,64,2,0,0,81.5,362
pune_station,1995,614.2,479.0,69.9,42,1,0,0,67.3,364
pune_station,1996,968.8,579.4,169.7,51,2,1,0,163.1,364
pune_station,1997,988.1,711.2,236.5,50,3,0,0,74.9,361
pune_station,1998,794.7,631.9,144.3,57,1,0,0,68.1,362
pune_station,1999,635.0,448.8,153.9,48,0,0,0,53.1,356
pune_station,2000,525.0,437.1,62.0,40,1,0,0,103.9,357
pune_station,2001,572.2,362.7,194.3,43,0,0,0,37.1,363
pune_station,2002,416.7,377.9,14.5,34,1,0,0,74.9,359
pune_station,2003,460.0,379.7,75.9,38,0,0,0,57.9,364
pune_station,2004,791.5,699.8,15.0,54,1,0,0,76.0,365
pune_station,2005,1325.4,1166.1,77.2,75,2,0,0,79.0,362
pune_station,2006,1259.8,1104.1,88.6,70,1,0,0,71.9,364
pune_station,2007,843.5,817.1,15.0,47,3,0,0,97.0,360
pune_station,2008,764.0,698.3,61.2,43,3,0,0,70.1,364
pune_station,2009,912.1,710.5,198.4,41,2,0,0,94.0,360
pune_station,2010,1158.2,790.2,311.9,50,2,1,0,181.1,360
pune_station,2011,983.5,704.6,247.7,49,2,0,0,104.9,357
pune_station,2012,522.2,369.0,145.8,42,1,0,0,84.1,365
pune_station,2013,758.5,716.0,39.1,51,2,0,0,72.9,362
pune_station,2014,879.6,704.3,157.0,54,2,0,0,84.1,361
pune_station,2015,795.8,473.4,188.2,44,2,0,0,103.1,362
pune_station,2016,666.2,571.0,73.9,46,2,0,0,74.9,365
pune_station,2017,922.0,720.6,197.6,58,1,0,0,101.1,364
pune_station,2018,477.2,427.2,40.1,43,1,0,0,65.0,362
pune_station,2019,1372.6,1059.7,311.4,70,3,0,0,87.1,365
pune_station,2020,1143.8,784.1,312.2,68,1,0,0,112.0,364
pune_station,2021,877.5,462.5,241.8,65,2,0,0,80.0,356
pune_station,2022,946.9,698.0,247.1,49,2,0,0,104.9,352
pune_station,2023,558.8,445.0,49.0,56,0,0,0,38.1,362
pune_station,2024,1222.0,1055.6,68.3,58,4,2,0,133.1,348
pune_station,2025,727.2,510.8,0.0,52,0,0,0,63.0,235
surat,1901,457.3,405.2,16.4,27,1,0,0,81.0,365
surat,1902,1330.6,1292.2,26.3,43,4,2,1,398.3,365
surat,1903,990.6,986.7,2.3,54,3,1,0,122.3,365
surat,1904,364.2,327.9,19.2,17,0,0,0,55.2,366
surat,1905,536.5,527.3,0.9,26,1,1,0,137.8,365
surat,1906,780.6,770.2,6.0,53,0,0,0,47.5,365
surat,1907,954.2,951.0,0.0,41,3,2,0,139.6,365
surat,1908,1158.0,1148.6,1.6,47,3,3,1,266.3,366
surat,1909,1327.1,1311.3,13.8,50,5,0,0,115.0,365
surat,1910,908.9,873.6,35.3,52,2,0,0,75.1,365
surat,1911,502.1,492.8,0.7,38,2,0,0,83.7,365
surat,1912,1444.0,1320.6,123.5,58,6,1,0,135.7,366
surat,1913,993.2,988.9,4.1,49,4,0,0,84.1,365
surat,1914,1442.0,1423.8,17.4,59,7,2,0,138.6,365
surat,1915,679.8,576.9,99.3,42,2,0,0,101.5,365
surat,1916,1431.9,1314.8,94.1,68,6,0,0,102.1,366
surat,1917,1525.1,994.7,411.8,75,4,1,0,116.5,365
surat,1918,406.0,380.1,0.0,24,0,0,0,62.5,365
surat,1919,1008.5,934.7,72.9,50,3,1,0,131.9,365
surat,1920,831.4,707.8,0.0,48,3,0,0,93.1,366
surat,1921,1344.3,1342.3,0.4,65,4,1,0,172.9,365
surat,1922,1041.1,1034.9,6.2,63,2,1,1,250.4,365
surat,1923,682.9,668.0,0.0,35,1,0,0,81.4,365
surat,1924,1065.5,1044.8,19.4,54,4,1,0,124.6,366
surat,1925,688.6,636.8,0.4,44,0,0,0,62.2,365
surat,1926,1449.9,1433.0,0.0,70,5,1,0,120.3,365
surat,1927,988.8,861.6,122.6,62,1,0,0,76.4,365
surat,1928,763.3,726.2,36.5,50,0,0,0,62.6,366
surat,1929,1310.7,1254.6,55.4,45,6,3,1,261.6,365
surat,1930,1143.9,1103.3,40.2,45,6,3,0,139.7,365
surat,1931,1359.2,1158.5,200.7,61,5,2,0,194.8,365
surat,1932,1075.1,1022.0,53.1,55,4,0,0,106.3,366
surat,1933,1318.6,1214.0,59.9,50,3,3,0,194.1,365
surat,1934,1281.2,1232.8,48.0,53,4,1,0,122.2,365
surat,1935,836.3,832.4,3.4,44,1,0,0,68.6,365
surat,1936,709.3,621.3,87.6,46,2,0,0,102.7,366
surat,1937,1600.4,1589.5,1.3,59,11,1,0,186.3,365
surat,1938,1080.5,1022.9,56.4,58,3,1,0,147.6,365
surat,1939,763.7,751.8,11.8,31,4,1,0,122.6,365
surat,1940,1627.2,1428.9,186.4,57,7,2,1,229.3,366
surat,1941,1078.1,1074.6,1.8,27,4,2,2,400.4,365
surat,1942,1428.2,1421.1,0.0,64,5,1,0,159.9,365
surat,1943,875.2,695.8,117.2,60,0,0,0,59.9,365
surat,1944,1429.5,1391.4,29.0,60,6,0,0,99.0,366
surat,1945,1711.2,1696.2,4.6,68,3,2,1,363.7,365
surat,1946,1785.2,1596.1,188.8,73,8,4,0,160.5,365
surat,1947,926.7,769.8,10.2,42,1,0,0,87.2,365
surat,1948,446.0,332.8,109.4,33,0,0,0,54.7,366
surat,1949,1131.8,1071.6,58.6,58,2,0,0,95.5,365
surat,1950,715.0,712.0,3.0,47,1,1,0,124.8,365
surat,1951,553.6,543.1,10.5,31,2,1,0,141.2,365
surat,1952,615.1,613.9,1.3,39,1,0,0,115.5,366
surat,1953,1680.8,1680.1,0.0,52,7,3,1,208.6,365
surat,1954,2128.6,2056.2,63.8,72,7,2,2,330.3,365
surat,1955,736.4,677.2,59.2,54,1,0,0,65.7,365
surat,1956,1226.8,1071.2,130.3,61,6,0,0,101.6,366
surat,1957,899.2,892.8,4.9,41,5,1,0,118.7,365
surat,1958,1267.7,1237.0,30.7,53,6,0,0,110.8,365
surat,1959,1893.8,1570.1,322.7,74,5,1,0,118.7,365
surat,1960,998.9,968.6,0.0,50,3,1,0,134.6,366
surat,1961,1247.9,1232.2,13.7,65,2,1,0,124.8,365
surat,1962,552.2,444.3,25.1,39,0,0,0,45.8,365
surat,1963,1205.2,1145.2,59.6,51,2,1,0,140.8,365
surat,1964,1987.0,1987.0,0.0,58,11,2,2,305.0,366
surat,1965,880.4,874.8,3.5,32,3,0,0,113.7,365
surat,1966,977.3,975.9,0.2,39,5,0,0,115.3,365
surat,1967,1045.9,979.5,33.6,56,2,0,0,85.1,365
surat,1968,1166.4,1130.2,36.1,31,5,3,1,215.5,366
surat,1969,861.7,861.3,0.4,39,3,1,0,125.7,365
surat,1970,1619.2,1618.9,0.0,65,6,2,1,241.0,365
surat,1971,862.7,857.0,0.0,46,2,0,0,83.7,365
surat,1972,682.5,682.2,0.3,31,3,1,0,124.3,366
surat,1973,1123.8,1122.6,0.3,44,4,1,0,189.3,365
surat,1974,599.8,483.7,17.8,35,1,0,0,65.4,365
surat,1975,1483.3,1407.9,75.4,60,4,2,0,160.8,365
surat,1976,2322.4,2272.7,49.4,68,10,5,2,211.7,366
surat,1977,1155.0,1129.7,21.3,53,4,1,0,120.5,365
surat,1978,1201.0,1125.0,76.0,43,6,3,1,208.3,365
surat,1979,1485.3,1312.0,166.7,50,6,2,0,135.3,365
surat,1980,1013.8,1010.5,3.3,48,1,0,0,101.7,366
surat,1981,1270.3,1141.7,127.5,57,3,2,0,141.2,365
surat,1982,1112.1,1036.6,61.5,38,3,1,0,199.3,365
surat,1983,1914.9,1812.7,99.7,72,7,3,0,168.8,365
surat,1984,832.6,829.7,2.9,44,1,0,0,99.0,366
surat,1985,548.7,417.2,131.5,25,1,0,0,79.7,365
surat,1986,809.3,797.7,11.6,30,5,1,0,119.9,365
surat,1987,588.0,583.5,4.5,37,2,1,0,138.2,365
surat,1988,2178.5,2177.7,0.8,64,8,5,2,301.1,366
surat,1989,753.3,752.2,0.0,46,1,0,0,81.9,365
surat,1990,883.8,821.2,8.8,51,3,0,0,86.0,365
surat,1991,756.1,756.1,0.0,39,2,1,0,128.3,365
surat,1992,918.1,892.1,26.1,28,4,3,0,166.0,366
surat,1993,1243.1,1161.4,81.7,44,4,2,0,160.7,365
surat,1994,1790.6,1783.4,7.3,68,6,2,0,202.2,365
surat,1995,1041.7,1027.8,11.4,33,5,2,0,152.6,365
surat,1996,1006.0,946.6,47.5,45,5,1,0,167.5,366
surat,1997,935.0,898.2,21.1,56,4,0,0,73.6,365
surat,1998,1501.5,1346.5,155.0,53,7,1,0,192.5,365
surat,1999,930.2,749.9,179.7,39,2,1,0,184.4,365
surat,2000,743.0,723.9,11.7,31,2,0,0,96.0,366
surat,2001,1011.1,926.2,50.6,53,3,0,0,76.3,365
surat,2002,1014.1,1007.1,0.0,44,4,1,0,120.9,365
surat,2003,1723.7,1667.8,5.6,72,3,3,0,202.7,365
surat,2004,1679.2,1630.8,38.3,51,8,3,2,240.4,366
surat,2005,1994.9,1994.6,0.0,49,12,4,1,221.6,365
surat,2006,1391.5,1365.2,24.8,57,6,3,0,144.6,365
surat,2007,1710.7,1703.1,2.1,54,8,1,0,188.7,365
surat,2008,1337.0,1332.3,3.6,48,8,2,0,128.0,366
surat,2009,1389.1,1322.1,67.0,42,7,2,0,147.3,365
surat,2010,1633.6,1450.5,181.0,69,5,1,0,133.8,365
surat,2011,1116.1,1111.5,4.7,59,1,0,0,67.2,365
surat,2012,835.4,826.5,8.8,35,4,1,0,137.1,366
surat,2013,2160.5,2138.8,19.9,68,11,5,1,230.9,365
surat,2014,871.7,853.4,3.7,38,2,1,0,116.5,365
surat,2015,1061.0,1049.1,0.3,35,3,2,0,187.3,365
surat,2016,1045.5,881.8,160.2,47,4,0,0,108.5,366
surat,2017,1163.6,1118.7,44.5,57,2,0,0,111.1,365
surat,2018,1264.7,1264.7,0.0,45,6,1,0,128.8,365
surat,2019,1581.6,1500.9,80.7,61,5,1,0,145.0,365
surat,2020,2054.8,1999.7,50.8,84,9,0,0,96.5,366
surat,2021,1689.1,1461.7,99.2,71,7,0,0,87.1,365
surat,2022,1601.3,1511.9,89.4,68,6,0,0,114.5,365
surat,2023,1179.5,1073.8,85.1,55,5,1,0,121.4,365
surat,2024,1749.2,1633.2,112.3,75,5,2,0,161.4,366
surat,2025,1546.5,1341.7,137.5,76,3,1,0,126.8,365
